UniqueID,StreamSide,StreamDistance,DownStream,SubDownStream,Elevation,DepthBin,Mortality,Sizemm,Sediment4000,Sediment2000,Sediment500,Sediment250,Sediment125,Sediment63,Sediment0,
S2 0-5,S,2,0,5,4.14,0,Z,,0.6156,0.1505,0.1573,0.0622,0.0129,0.0009,0.0005,
S2 0-5,S,2,0,5,4.14,5,Z,,0.6156,0.1505,0.1573,0.0622,0.0129,0.0009,0.0005,
S2 0-5,S,2,0,5,4.14,10,Z,,0.6156,0.1505,0.1573,0.0622,0.0129,0.0009,0.0005,
S2 0-5,S,2,0,5,4.14,15,Z,,0.6156,0.1505,0.1573,0.0622,0.0129,0.0009,0.0005,
S2 10-2,S,2,10,2,3.94,0,Z,,0.7288,0.0251,0.2131,0.0269,0.0043,0.0013,0.0005,
S2 10-2,S,2,10,2,3.94,5,D,,0.7288,0.0251,0.2131,0.0269,0.0043,0.0013,0.0005,
S2 10-2,S,2,10,2,3.94,10,D,,0.7288,0.0251,0.2131,0.0269,0.0043,0.0013,0.0005,
S2 10-2,S,2,10,2,3.94,10,D,,0.7288,0.0251,0.2131,0.0269,0.0043,0.0013,0.0005,
S2 10-2,S,2,10,2,3.94,10,D,,0.7288,0.0251,0.2131,0.0269,0.0043,0.0013,0.0005,
S2 10-2,S,2,10,2,3.94,10,D,,0.7288,0.0251,0.2131,0.0269,0.0043,0.0013,0.0005,
S2 10-2,S,2,10,2,3.94,15,Z,,0.7288,0.0251,0.2131,0.0269,0.0043,0.0013,0.0005,
S2 20-7,S,2,20,7,3.5,0,Z,,0.479,0.2735,0.2143,0.0297,0.0026,0.0006,0.0003,
S2 20-7,S,2,20,7,3.5,5,Z,,0.479,0.2735,0.2143,0.0297,0.0026,0.0006,0.0003,
S2 20-7,S,2,20,7,3.5,10,Z,,0.479,0.2735,0.2143,0.0297,0.0026,0.0006,0.0003,
S2 20-7,S,2,20,7,3.5,15,Z,,0.479,0.2735,0.2143,0.0297,0.0026,0.0006,0.0003,
S2 30-7,S,2,30,7,3.24,0,Z,,0.5647,0.1528,0.1937,0.0697,0.0107,0.0081,0.0002,
S2 30-7,S,2,30,7,3.24,5,Z,,0.5647,0.1528,0.1937,0.0697,0.0107,0.0081,0.0002,
S2 30-7,S,2,30,7,3.24,10,Z,,0.5647,0.1528,0.1937,0.0697,0.0107,0.0081,0.0002,
S2 30-7,S,2,30,7,3.24,15,Z,,0.5647,0.1528,0.1937,0.0697,0.0107,0.0081,0.0002,
S2 40-9,S,2,40,9,3,0,D,,0.5853,0.1847,0.1988,0.0255,0.0043,0.001,0.0005,
S2 40-9,S,2,40,9,3,0,D,,0.5853,0.1847,0.1988,0.0255,0.0043,0.001,0.0005,
S2 40-9,S,2,40,9,3,5,D,,0.5853,0.1847,0.1988,0.0255,0.0043,0.001,0.0005,
S2 40-9,S,2,40,9,3,5,D,,0.5853,0.1847,0.1988,0.0255,0.0043,0.001,0.0005,
S2 40-9,S,2,40,9,3,5,D,,0.5853,0.1847,0.1988,0.0255,0.0043,0.001,0.0005,
S2 40-9,S,2,40,9,3,5,D,,0.5853,0.1847,0.1988,0.0255,0.0043,0.001,0.0005,
S2 40-9,S,2,40,9,3,5,D,,0.5853,0.1847,0.1988,0.0255,0.0043,0.001,0.0005,
S2 40-9,S,2,40,9,3,5,D,,0.5853,0.1847,0.1988,0.0255,0.0043,0.001,0.0005,
S2 40-9,S,2,40,9,3,10,D,,0.5853,0.1847,0.1988,0.0255,0.0043,0.001,0.0005,
S2 40-9,S,2,40,9,3,10,D,,0.5853,0.1847,0.1988,0.0255,0.0043,0.001,0.0005,
S2 40-9,S,2,40,9,3,15,Z,,0.5853,0.1847,0.1988,0.0255,0.0043,0.001,0.0005,
S2 50-5,S,2,50,5,2.87,0,Z,,0.541,0.2723,0.1648,0.0185,0.0026,0.0006,0.0002,
S2 50-5,S,2,50,5,2.87,5,Z,,0.541,0.2723,0.1648,0.0185,0.0026,0.0006,0.0002,
S2 50-5,S,2,50,5,2.87,10,Z,,0.541,0.2723,0.1648,0.0185,0.0026,0.0006,0.0002,
S2 50-5,S,2,50,5,2.87,15,Z,,0.541,0.2723,0.1648,0.0185,0.0026,0.0006,0.0002,
S2 60-9,S,2,60,9,2.59,15,A,32.76,0.5484,0.1704,0.2075,0.0635,0.0097,0.0004,0.0001,
S2 60-9,S,2,60,9,2.59,0,D,,0.5484,0.1704,0.2075,0.0635,0.0097,0.0004,0.0001,
S2 60-9,S,2,60,9,2.59,0,D,,0.5484,0.1704,0.2075,0.0635,0.0097,0.0004,0.0001,
S2 60-9,S,2,60,9,2.59,5,Z,,0.5484,0.1704,0.2075,0.0635,0.0097,0.0004,0.0001,
S2 60-9,S,2,60,9,2.59,10,Z,,0.5484,0.1704,0.2075,0.0635,0.0097,0.0004,0.0001,
S2 70-5,S,2,70,5,2.49,0,Z,,0.5613,0.1929,0.19,0.0449,0.0052,0.0055,0.0003,
S2 70-5,S,2,70,5,2.49,5,A,40.18,0.5613,0.1929,0.19,0.0449,0.0052,0.0055,0.0003,
S2 70-5,S,2,70,5,2.49,5,A,34.75,0.5613,0.1929,0.19,0.0449,0.0052,0.0055,0.0003,
S2 70-5,S,2,70,5,2.49,10,A,51.59,0.5613,0.1929,0.19,0.0449,0.0052,0.0055,0.0003,
S2 70-5,S,2,70,5,2.49,15,A,32.31,0.5613,0.1929,0.19,0.0449,0.0052,0.0055,0.0003,
S2 80-7,S,2,80,7,2.13,0,Z,,0.4341,0.1645,0.2825,0.0835,0.0289,0.0046,0.002,
S2 80-7,S,2,80,7,2.13,5,A,43.17,0.4341,0.1645,0.2825,0.0835,0.0289,0.0046,0.002,
S2 80-7,S,2,80,7,2.13,10,D,,0.4341,0.1645,0.2825,0.0835,0.0289,0.0046,0.002,
S2 80-7,S,2,80,7,2.13,10,D,,0.4341,0.1645,0.2825,0.0835,0.0289,0.0046,0.002,
S2 80-7,S,2,80,7,2.13,15,Z,,0.4341,0.1645,0.2825,0.0835,0.0289,0.0046,0.002,
S2 90-9,S,2,90,9,2.01,0,Z,,0.6723,0.1732,0.1235,0.0232,0.0064,0.0011,0.0003,
S2 90-9,S,2,90,9,2.01,5,Z,,0.6723,0.1732,0.1235,0.0232,0.0064,0.0011,0.0003,
S2 90-9,S,2,90,9,2.01,15,Z,,0.6723,0.1732,0.1235,0.0232,0.0064,0.0011,0.0003,
S2 90-9,S,2,90,9,2.01,10,A,34.52,0.6723,0.1732,0.1235,0.0232,0.0064,0.0011,0.0003,
S2 90-9,S,2,90,9,2.01,10,D,,0.6723,0.1732,0.1235,0.0232,0.0064,0.0011,0.0003,
S2 90-9,S,2,90,9,2.01,10,D,,0.6723,0.1732,0.1235,0.0232,0.0064,0.0011,0.0003,
S2 100-0,S,2,100,0,1.94,0,Z,,0.561,0.1983,0.1929,0.0373,0.0086,0.0016,0.0003,
S2 100-0,S,2,100,0,1.94,5,Z,,0.561,0.1983,0.1929,0.0373,0.0086,0.0016,0.0003,
S2 100-0,S,2,100,0,1.94,10,A,14.36,0.561,0.1983,0.1929,0.0373,0.0086,0.0016,0.0003,
S2 100-0,S,2,100,0,1.94,10,D,,0.561,0.1983,0.1929,0.0373,0.0086,0.0016,0.0003,
S2 100-0,S,2,100,0,1.94,10,D,,0.561,0.1983,0.1929,0.0373,0.0086,0.0016,0.0003,
S2 100-0,S,2,100,0,1.94,15,Z,,0.561,0.1983,0.1929,0.0373,0.0086,0.0016,0.0003,
S2 110-2,S,2,110,2,1.76,0,Z,,0.6072,0.1832,0.1718,0.0301,0.0061,0.0012,0.0005,
S2 110-2,S,2,110,2,1.76,5,Z,,0.6072,0.1832,0.1718,0.0301,0.0061,0.0012,0.0005,
S2 110-2,S,2,110,2,1.76,10,Z,,0.6072,0.1832,0.1718,0.0301,0.0061,0.0012,0.0005,
S2 110-2,S,2,110,2,1.76,15,A,94.63,0.6072,0.1832,0.1718,0.0301,0.0061,0.0012,0.0005,
S2 110-2,S,2,110,2,1.76,15,D,,0.6072,0.1832,0.1718,0.0301,0.0061,0.0012,0.0005,
S2 110-2,S,2,110,2,1.76,15,D,,0.6072,0.1832,0.1718,0.0301,0.0061,0.0012,0.0005,
S2 110-2,S,2,110,2,1.76,15,D,,0.6072,0.1832,0.1718,0.0301,0.0061,0.0012,0.0005,
S2 110-2,S,2,110,2,1.76,15,D,,0.6072,0.1832,0.1718,0.0301,0.0061,0.0012,0.0005,
S2 110-2,S,2,110,2,1.76,15,A,15.65,0.6072,0.1832,0.1718,0.0301,0.0061,0.0012,0.0005,
S2 120-4,S,2,120,4,1.57,0,Z,,,,,,,,,
S2 120-4,S,2,120,4,1.57,5,Z,,,,,,,,,
S2 120-4,S,2,120,4,1.57,10,A,54.53,,,,,,,,
S2 120-4,S,2,120,4,1.57,10,D,,,,,,,,,
S2 120-4,S,2,120,4,1.57,10,D,,,,,,,,,
S2 120-4,S,2,120,4,1.57,10,D,,,,,,,,,
S2 120-4,S,2,120,4,1.57,10,D,,,,,,,,,
S2 120-4,S,2,120,4,1.57,15,A,53.33,,,,,,,,
S2 130-9,S,2,130,9,1.5,0,A,29.76,0.5225,0.2315,0.1932,0.0331,0.017,0.0021,0.0006,
S2 130-9,S,2,130,9,1.5,0,D,,0.5225,0.2315,0.1932,0.0331,0.017,0.0021,0.0006,
S2 130-9,S,2,130,9,1.5,0,D,,0.5225,0.2315,0.1932,0.0331,0.017,0.0021,0.0006,
S2 130-9,S,2,130,9,1.5,0,D,,0.5225,0.2315,0.1932,0.0331,0.017,0.0021,0.0006,
S2 130-9,S,2,130,9,1.5,0,D,,0.5225,0.2315,0.1932,0.0331,0.017,0.0021,0.0006,
S2 130-9,S,2,130,9,1.5,5,D,,0.5225,0.2315,0.1932,0.0331,0.017,0.0021,0.0006,
S2 130-9,S,2,130,9,1.5,5,D,,0.5225,0.2315,0.1932,0.0331,0.017,0.0021,0.0006,
S2 130-9,S,2,130,9,1.5,5,A,59.14,0.5225,0.2315,0.1932,0.0331,0.017,0.0021,0.0006,
S2 130-9,S,2,130,9,1.5,5,A,47.75,0.5225,0.2315,0.1932,0.0331,0.017,0.0021,0.0006,
S2 130-9,S,2,130,9,1.5,10,Z,,0.5225,0.2315,0.1932,0.0331,0.017,0.0021,0.0006,
S2 130-9,S,2,130,9,1.5,15,Z,,0.5225,0.2315,0.1932,0.0331,0.017,0.0021,0.0006,
S 2 140-2,S ,2,140,2,1.42,0,Z,,,,,,,,,
S 2 140-2,S ,2,140,2,1.42,5,A,47.14,,,,,,,,
S 2 140-2,S ,2,140,2,1.42,10,Z,,,,,,,,,
S 2 140-2,S ,2,140,2,1.42,15,Z,,,,,,,,,
S5 20-5,S,5,20,5,3.74,0,Z,,0.6076,0.1081,0.2004,0.0768,0.0045,0.0014,0.0012,
S5 20-5,S,5,20,5,3.74,5,Z,,0.6076,0.1081,0.2004,0.0768,0.0045,0.0014,0.0012,
S5 20-5,S,5,20,5,3.74,10,Z,,0.6076,0.1081,0.2004,0.0768,0.0045,0.0014,0.0012,
S5 20-5,S,5,20,5,3.74,15,D,,0.6076,0.1081,0.2004,0.0768,0.0045,0.0014,0.0012,
S5 30-5,S,5,30,5,3.37,0,Z,,0.589,0.1715,0.1855,0.0467,0.0058,0.001,0.0005,
S5 30-5,S,5,30,5,3.37,5,Z,,0.589,0.1715,0.1855,0.0467,0.0058,0.001,0.0005,
S5 30-5,S,5,30,5,3.37,10,D,,0.589,0.1715,0.1855,0.0467,0.0058,0.001,0.0005,
S5 30-5,S,5,30,5,3.37,15,Z,,0.589,0.1715,0.1855,0.0467,0.0058,0.001,0.0005,
S5 40-6,S,5,40,6,3.08,5,Z,,0.5288,0.2143,0.2123,0.037,0.0057,0.0013,0.0006,
S5 40-6,S,5,40,6,3.08,15,Z,,0.5288,0.2143,0.2123,0.037,0.0057,0.0013,0.0006,
S5 40-6,S,5,40,6,3.08,10,A,29.55,0.5288,0.2143,0.2123,0.037,0.0057,0.0013,0.0006,
S5 40-6,S,5,40,6,3.08,0,D,,0.5288,0.2143,0.2123,0.037,0.0057,0.0013,0.0006,
S5 40-6,S,5,40,6,3.08,10,A,24.65,0.5288,0.2143,0.2123,0.037,0.0057,0.0013,0.0006,
S5 50-4,S,5,50,4,2.95,0,Z,,,,,,,,,
S5 50-4,S,5,50,4,2.95,5,Z,,,,,,,,,
S5 50-4,S,5,50,4,2.95,10,Z,,,,,,,,,
S5 50-4,S,5,50,4,2.95,15,Z,,,,,,,,,
S5 60-0,S,5,60,0,2.8,0,D,,0.5863,0.1727,0.1863,0.0454,0.0078,0.0009,0.0007,
S5 60-0,S,5,60,0,2.8,0,Z,,0.5863,0.1727,0.1863,0.0454,0.0078,0.0009,0.0007,
S5 60-0,S,5,60,0,2.8,5,Z,,0.5863,0.1727,0.1863,0.0454,0.0078,0.0009,0.0007,
S5 60-0,S,5,60,0,2.8,10,D,,0.5863,0.1727,0.1863,0.0454,0.0078,0.0009,0.0007,
S5 60-0,S,5,60,0,2.8,10,D,,0.5863,0.1727,0.1863,0.0454,0.0078,0.0009,0.0007,
S5 60-0,S,5,60,0,2.8,15,Z,,0.5863,0.1727,0.1863,0.0454,0.0078,0.0009,0.0007,
S5 70-0,S,5,70,0,2.64,0,Z,,0.6508,0.1702,0.1525,0.023,0.0032,0.0001,0.0003,
S5 70-0,S,5,70,0,2.64,15,Z,,0.6508,0.1702,0.1525,0.023,0.0032,0.0001,0.0003,
S5 70-0,S,5,70,0,2.64,10,A,27.5,0.6508,0.1702,0.1525,0.023,0.0032,0.0001,0.0003,
S5 70-0,S,5,70,0,2.64,0,Z,,0.6508,0.1702,0.1525,0.023,0.0032,0.0001,0.0003,
S5 70-0,S,5,70,0,2.64,5,D,,0.6508,0.1702,0.1525,0.023,0.0032,0.0001,0.0003,
S5 70-0,S,5,70,0,2.64,10,D,,0.6508,0.1702,0.1525,0.023,0.0032,0.0001,0.0003,
S5 70-0,S,5,70,0,2.64,10,D,,0.6508,0.1702,0.1525,0.023,0.0032,0.0001,0.0003,
S5 70-0,S,5,70,0,2.64,10,D,,0.6508,0.1702,0.1525,0.023,0.0032,0.0001,0.0003,
S5 70-0,S,5,70,0,2.64,10,D,,0.6508,0.1702,0.1525,0.023,0.0032,0.0001,0.0003,
S5 70-0,S,5,70,0,2.64,15,Z,,0.6508,0.1702,0.1525,0.023,0.0032,0.0001,0.0003,
S5 80-0,S,5,80,0,2.41,0,A,32.67,0.5476,0.2092,0.1996,0.0355,0.0074,0.0004,0.0002,
S5 80-0,S,5,80,0,2.41,0,D,,0.5476,0.2092,0.1996,0.0355,0.0074,0.0004,0.0002,
S5 80-0,S,5,80,0,2.41,0,D,,0.5476,0.2092,0.1996,0.0355,0.0074,0.0004,0.0002,
S5 80-0,S,5,80,0,2.41,15,D,,0.5476,0.2092,0.1996,0.0355,0.0074,0.0004,0.0002,
S5 80-0,S,5,80,0,2.41,15,D,,0.5476,0.2092,0.1996,0.0355,0.0074,0.0004,0.0002,
S5 80-0,S,5,80,0,2.41,0,A,30.42,0.5476,0.2092,0.1996,0.0355,0.0074,0.0004,0.0002,
S5 80-0,S,5,80,0,2.41,0,A,23.18,0.5476,0.2092,0.1996,0.0355,0.0074,0.0004,0.0002,
S5 80-0,S,5,80,0,2.41,0,A,50.73,0.5476,0.2092,0.1996,0.0355,0.0074,0.0004,0.0002,
S5 80-0,S,5,80,0,2.41,5,A,34.34,0.5476,0.2092,0.1996,0.0355,0.0074,0.0004,0.0002,
S5 80-0,S,5,80,0,2.41,5,A,34.59,0.5476,0.2092,0.1996,0.0355,0.0074,0.0004,0.0002,
S5 80-0,S,5,80,0,2.41,10,A,37.06,0.5476,0.2092,0.1996,0.0355,0.0074,0.0004,0.0002,
S5 80-0,S,5,80,0,2.41,10,A,30.65,0.5476,0.2092,0.1996,0.0355,0.0074,0.0004,0.0002,
S5 80-0,S,5,80,0,2.41,15,A,50.83,0.5476,0.2092,0.1996,0.0355,0.0074,0.0004,0.0002,
S5 80-0,S,5,80,0,2.41,15,A,44.71,0.5476,0.2092,0.1996,0.0355,0.0074,0.0004,0.0002,
S5 90-0,S,5,90,0,2.26,0,A,40.76,0.5092,0.2482,0.2093,0.0288,0.0039,0.0005,0.0001,
S5 90-0,S,5,90,0,2.26,0,D,,0.5092,0.2482,0.2093,0.0288,0.0039,0.0005,0.0001,
S5 90-0,S,5,90,0,2.26,0,D,,0.5092,0.2482,0.2093,0.0288,0.0039,0.0005,0.0001,
S5 90-0,S,5,90,0,2.26,5,D,,0.5092,0.2482,0.2093,0.0288,0.0039,0.0005,0.0001,
S5 90-0,S,5,90,0,2.26,5,D,,0.5092,0.2482,0.2093,0.0288,0.0039,0.0005,0.0001,
S5 90-0,S,5,90,0,2.26,10,D,,0.5092,0.2482,0.2093,0.0288,0.0039,0.0005,0.0001,
S5 90-0,S,5,90,0,2.26,10,D,,0.5092,0.2482,0.2093,0.0288,0.0039,0.0005,0.0001,
S5 90-0,S,5,90,0,2.26,10,D,,0.5092,0.2482,0.2093,0.0288,0.0039,0.0005,0.0001,
S5 90-0,S,5,90,0,2.26,10,D,,0.5092,0.2482,0.2093,0.0288,0.0039,0.0005,0.0001,
S5 90-0,S,5,90,0,2.26,5,A,49.57,0.5092,0.2482,0.2093,0.0288,0.0039,0.0005,0.0001,
S5 90-0,S,5,90,0,2.26,5,A,45.11,0.5092,0.2482,0.2093,0.0288,0.0039,0.0005,0.0001,
S5 90-0,S,5,90,0,2.26,15,A,44.24,0.5092,0.2482,0.2093,0.0288,0.0039,0.0005,0.0001,
S5 90-0,S,5,90,0,2.26,15,A,44.49,0.5092,0.2482,0.2093,0.0288,0.0039,0.0005,0.0001,
S5 90-0,S,5,90,0,2.26,15,A,41.63,0.5092,0.2482,0.2093,0.0288,0.0039,0.0005,0.0001,
S5 90-0,S,5,90,0,2.26,15,A,25.57,0.5092,0.2482,0.2093,0.0288,0.0039,0.0005,0.0001,
S5 100-1,S,5,100,1,2.17,0,Z,,0.4868,0.2448,0.2335,0.0292,0.0053,0.0004,0.0001,
S5 100-1,S,5,100,1,2.17,5,Z,,0.4868,0.2448,0.2335,0.0292,0.0053,0.0004,0.0001,
S5 100-1,S,5,100,1,2.17,10,D,,0.4868,0.2448,0.2335,0.0292,0.0053,0.0004,0.0001,
S5 100-1,S,5,100,1,2.17,10,D,,0.4868,0.2448,0.2335,0.0292,0.0053,0.0004,0.0001,
S5 100-1,S,5,100,1,2.17,15,Z,,0.4868,0.2448,0.2335,0.0292,0.0053,0.0004,0.0001,
S5 110-0,S,5,110,0,1.98,0,Z,,0.3963,0.2085,0.2601,0.0819,0.0449,0.0062,0.0021,
S5 110-0,S,5,110,0,1.98,5,Z,,0.3963,0.2085,0.2601,0.0819,0.0449,0.0062,0.0021,
S5 110-0,S,5,110,0,1.98,10,A,38.38,0.3963,0.2085,0.2601,0.0819,0.0449,0.0062,0.0021,
S5 110-0,S,5,110,0,1.98,10,A,19.22,0.3963,0.2085,0.2601,0.0819,0.0449,0.0062,0.0021,
S5 110-0,S,5,110,0,1.98,15,Z,,0.3963,0.2085,0.2601,0.0819,0.0449,0.0062,0.0021,
S5 120-6,S,5,120,6,1.53,0,Z,,0.5246,0.2286,0.2017,0.0273,0.0152,0.0023,0.0004,
S5 120-6,S,5,120,6,1.53,5,A,61.79,0.5246,0.2286,0.2017,0.0273,0.0152,0.0023,0.0004,
S5 120-6,S,5,120,6,1.53,10,Z,,0.5246,0.2286,0.2017,0.0273,0.0152,0.0023,0.0004,
S5 120-6,S,5,120,6,1.53,15,Z,,0.5246,0.2286,0.2017,0.0273,0.0152,0.0023,0.0004,
S5 130-0,S,5,130,0,1.63,0,Z,,0.3742,0.2777,0.2846,0.0492,0.0112,0.0022,0.0008,
S5 130-0,S,5,130,0,1.63,5,Z,,0.3742,0.2777,0.2846,0.0492,0.0112,0.0022,0.0008,
S5 130-0,S,5,130,0,1.63,10,A,45.87,0.3742,0.2777,0.2846,0.0492,0.0112,0.0022,0.0008,
S5 130-0,S,5,130,0,1.63,15,A,64.79,0.3742,0.2777,0.2846,0.0492,0.0112,0.0022,0.0008,
S5 140-3,S,5,140,3,1.25,0,Z,,0.553,0.1588,0.1708,0.07,0.0387,0.0069,0.0017,
S5 140-3,S,5,140,3,1.25,5,Z,,0.553,0.1588,0.1708,0.07,0.0387,0.0069,0.0017,
S5 140-3,S,5,140,3,1.25,10,D,,0.553,0.1588,0.1708,0.07,0.0387,0.0069,0.0017,
S5 140-3,S,5,140,3,1.25,10,D,,0.553,0.1588,0.1708,0.07,0.0387,0.0069,0.0017,
S5 140-3,S,5,140,3,1.25,10,D,,0.553,0.1588,0.1708,0.07,0.0387,0.0069,0.0017,
S5 140-3,S,5,140,3,1.25,10,D,,0.553,0.1588,0.1708,0.07,0.0387,0.0069,0.0017,
S5 140-3,S,5,140,3,1.25,15,D,,0.553,0.1588,0.1708,0.07,0.0387,0.0069,0.0017,
S5 140-3,S,5,140,3,1.25,15,D,,0.553,0.1588,0.1708,0.07,0.0387,0.0069,0.0017,
S10 30-0,S,10,30,0,3.81,0,Z,,,,,,,,,
S10 30-0,S,10,30,0,3.81,5,Z,,,,,,,,,
S10 30-0,S,10,30,0,3.81,10,Z,,,,,,,,,
S10 30-0,S,10,30,0,3.81,15,Z,,,,,,,,,
S10 40-4,S,10,40,4,3.22,0,Z,,0.5355,0.1514,0.2424,0.058,0.0088,0.0025,0.0014,
S10 40-4,S,10,40,4,3.22,5,Z,,0.5355,0.1514,0.2424,0.058,0.0088,0.0025,0.0014,
S10 40-4,S,10,40,4,3.22,10,Z,,0.5355,0.1514,0.2424,0.058,0.0088,0.0025,0.0014,
S10 40-4,S,10,40,4,3.22,15,Z,,0.5355,0.1514,0.2424,0.058,0.0088,0.0025,0.0014,
S10 50-7,S,10,50,7,2.82,10,A,33.43,0.2211,0.115,0.4607,0.164,0.0311,0.0049,0.0033,
S10 50-7,S,10,50,7,2.82,0,D,,0.2211,0.115,0.4607,0.164,0.0311,0.0049,0.0033,
S10 50-7,S,10,50,7,2.82,0,D,,0.2211,0.115,0.4607,0.164,0.0311,0.0049,0.0033,
S10 50-7,S,10,50,7,2.82,5,D,,0.2211,0.115,0.4607,0.164,0.0311,0.0049,0.0033,
S10 50-7,S,10,50,7,2.82,5,D,,0.2211,0.115,0.4607,0.164,0.0311,0.0049,0.0033,
S10 50-7,S,10,50,7,2.82,5,D,,0.2211,0.115,0.4607,0.164,0.0311,0.0049,0.0033,
S10 50-7,S,10,50,7,2.82,5,D,,0.2211,0.115,0.4607,0.164,0.0311,0.0049,0.0033,
S10 50-7,S,10,50,7,2.82,10,D,,0.2211,0.115,0.4607,0.164,0.0311,0.0049,0.0033,
S10 50-7,S,10,50,7,2.82,15,Z,,0.2211,0.115,0.4607,0.164,0.0311,0.0049,0.0033,
S10 60-5,S,10,60,5,2.63,10,Z,,0.463,0.2288,0.2578,0.0401,0.0078,0.002,0.0005,
S10 60-5,S,10,60,5,2.63,15,A,45.81,0.463,0.2288,0.2578,0.0401,0.0078,0.002,0.0005,
S10 60-5,S,10,60,5,2.63,0,D,,0.463,0.2288,0.2578,0.0401,0.0078,0.002,0.0005,
S10 60-5,S,10,60,5,2.63,5,D,,0.463,0.2288,0.2578,0.0401,0.0078,0.002,0.0005,
S10 60-5,S,10,60,5,2.63,5,D,,0.463,0.2288,0.2578,0.0401,0.0078,0.002,0.0005,
S10 60-5,S,10,60,5,2.63,15,D,,0.463,0.2288,0.2578,0.0401,0.0078,0.002,0.0005,
S10 60-5,S,10,60,5,2.63,15,D,,0.463,0.2288,0.2578,0.0401,0.0078,0.002,0.0005,
S10 60-5,S,10,60,5,2.63,15,D,,0.463,0.2288,0.2578,0.0401,0.0078,0.002,0.0005,
S10 60-5,S,10,60,5,2.63,15,A,37.12,0.463,0.2288,0.2578,0.0401,0.0078,0.002,0.0005,
S10 70-7,S,10,70,7,2.35,5,A,44.62,0.3502,0.2156,0.3403,0.0831,0.0098,0.0007,0.0002,
S10 70-7,S,10,70,7,2.35,0,D,,0.3502,0.2156,0.3403,0.0831,0.0098,0.0007,0.0002,
S10 70-7,S,10,70,7,2.35,0,D,,0.3502,0.2156,0.3403,0.0831,0.0098,0.0007,0.0002,
S10 70-7,S,10,70,7,2.35,0,D,,0.3502,0.2156,0.3403,0.0831,0.0098,0.0007,0.0002,
S10 70-7,S,10,70,7,2.35,0,D,,0.3502,0.2156,0.3403,0.0831,0.0098,0.0007,0.0002,
S10 70-7,S,10,70,7,2.35,0,D,,0.3502,0.2156,0.3403,0.0831,0.0098,0.0007,0.0002,
S10 70-7,S,10,70,7,2.35,0,D,,0.3502,0.2156,0.3403,0.0831,0.0098,0.0007,0.0002,
S10 70-7,S,10,70,7,2.35,0,D,,0.3502,0.2156,0.3403,0.0831,0.0098,0.0007,0.0002,
S10 70-7,S,10,70,7,2.35,0,D,,0.3502,0.2156,0.3403,0.0831,0.0098,0.0007,0.0002,
S10 70-7,S,10,70,7,2.35,0,D,,0.3502,0.2156,0.3403,0.0831,0.0098,0.0007,0.0002,
S10 70-7,S,10,70,7,2.35,5,D,,0.3502,0.2156,0.3403,0.0831,0.0098,0.0007,0.0002,
S10 70-7,S,10,70,7,2.35,5,D,,0.3502,0.2156,0.3403,0.0831,0.0098,0.0007,0.0002,
S10 70-7,S,10,70,7,2.35,5,A,41.62,0.3502,0.2156,0.3403,0.0831,0.0098,0.0007,0.0002,
S10 70-7,S,10,70,7,2.35,10,A,38.82,0.3502,0.2156,0.3403,0.0831,0.0098,0.0007,0.0002,
S10 70-7,S,10,70,7,2.35,10,A,44.64,0.3502,0.2156,0.3403,0.0831,0.0098,0.0007,0.0002,
S10 70-7,S,10,70,7,2.35,10,A,42.31,0.3502,0.2156,0.3403,0.0831,0.0098,0.0007,0.0002,
S10 70-7,S,10,70,7,2.35,10,A,40.66,0.3502,0.2156,0.3403,0.0831,0.0098,0.0007,0.0002,
S10 70-7,S,10,70,7,2.35,15,A,29.18,0.3502,0.2156,0.3403,0.0831,0.0098,0.0007,0.0002,
S10 80-7,S,10,80,7,2.3,0,A,43.76,0.5627,0.2145,0.1843,0.0328,0.0048,0.0006,0.0002,
S10 80-7,S,10,80,7,2.3,0,A,31.36,0.5627,0.2145,0.1843,0.0328,0.0048,0.0006,0.0002,
S10 80-7,S,10,80,7,2.3,0,A,32.36,0.5627,0.2145,0.1843,0.0328,0.0048,0.0006,0.0002,
S10 80-7,S,10,80,7,2.3,0,A,33.54,0.5627,0.2145,0.1843,0.0328,0.0048,0.0006,0.0002,
S10 80-7,S,10,80,7,2.3,5,A,39.49,0.5627,0.2145,0.1843,0.0328,0.0048,0.0006,0.0002,
S10 80-7,S,10,80,7,2.3,5,A,42.67,0.5627,0.2145,0.1843,0.0328,0.0048,0.0006,0.0002,
S10 80-7,S,10,80,7,2.3,5,A,46.64,0.5627,0.2145,0.1843,0.0328,0.0048,0.0006,0.0002,
S10 80-7,S,10,80,7,2.3,5,A,49.1,0.5627,0.2145,0.1843,0.0328,0.0048,0.0006,0.0002,
S10 80-7,S,10,80,7,2.3,5,A,34.8,0.5627,0.2145,0.1843,0.0328,0.0048,0.0006,0.0002,
S10 80-7,S,10,80,7,2.3,5,A,45.56,0.5627,0.2145,0.1843,0.0328,0.0048,0.0006,0.0002,
S10 80-7,S,10,80,7,2.3,5,A,40.04,0.5627,0.2145,0.1843,0.0328,0.0048,0.0006,0.0002,
S10 80-7,S,10,80,7,2.3,5,A,37.02,0.5627,0.2145,0.1843,0.0328,0.0048,0.0006,0.0002,
S10 80-7,S,10,80,7,2.3,5,A,46.66,0.5627,0.2145,0.1843,0.0328,0.0048,0.0006,0.0002,
S10 80-7,S,10,80,7,2.3,5,A,27.17,0.5627,0.2145,0.1843,0.0328,0.0048,0.0006,0.0002,
S10 80-7,S,10,80,7,2.3,5,A,31.16,0.5627,0.2145,0.1843,0.0328,0.0048,0.0006,0.0002,
S10 80-7,S,10,80,7,2.3,5,A,29.5,0.5627,0.2145,0.1843,0.0328,0.0048,0.0006,0.0002,
S10 80-7,S,10,80,7,2.3,5,A,32.49,0.5627,0.2145,0.1843,0.0328,0.0048,0.0006,0.0002,
S10 80-7,S,10,80,7,2.3,15,A,29.5,0.5627,0.2145,0.1843,0.0328,0.0048,0.0006,0.0002,
S10 80-7,S,10,80,7,2.3,15,A,46.35,0.5627,0.2145,0.1843,0.0328,0.0048,0.0006,0.0002,
S10 80-7,S,10,80,7,2.3,10,Z,,0.5627,0.2145,0.1843,0.0328,0.0048,0.0006,0.0002,
S10 90-7,S,10,90,7,2.18,0,Z,,0.4754,0.289,0.2231,0.0102,0.0014,0.0007,0.0002,
S10 90-7,S,10,90,7,2.18,5,Z,,0.4754,0.289,0.2231,0.0102,0.0014,0.0007,0.0002,
S10 90-7,S,10,90,7,2.18,10,Z,,0.4754,0.289,0.2231,0.0102,0.0014,0.0007,0.0002,
S10 90-7,S,10,90,7,2.18,15,D,,0.4754,0.289,0.2231,0.0102,0.0014,0.0007,0.0002,
S10 100-5,S,10,100,5,1.96,0,Z,,0.6178,0.1949,0.1552,0.0231,0.0068,0.0018,0.0005,
S10 100-5,S,10,100,5,1.96,5,Z,,0.6178,0.1949,0.1552,0.0231,0.0068,0.0018,0.0005,
S10 100-5,S,10,100,5,1.96,10,A,42.78,0.6178,0.1949,0.1552,0.0231,0.0068,0.0018,0.0005,
S10 100-5,S,10,100,5,1.96,10,D,,0.6178,0.1949,0.1552,0.0231,0.0068,0.0018,0.0005,
S10 100-5,S,10,100,5,1.96,10,D,,0.6178,0.1949,0.1552,0.0231,0.0068,0.0018,0.0005,
S10 100-5,S,10,100,5,1.96,15,D,,0.6178,0.1949,0.1552,0.0231,0.0068,0.0018,0.0005,
S10 100-5,S,10,100,5,1.96,15,D,,0.6178,0.1949,0.1552,0.0231,0.0068,0.0018,0.0005,
S10 100-5,S,10,100,5,1.96,15,D,,0.6178,0.1949,0.1552,0.0231,0.0068,0.0018,0.0005,
S10 100-5,S,10,100,5,1.96,15,D,,0.6178,0.1949,0.1552,0.0231,0.0068,0.0018,0.0005,
S10 100-5,S,10,100,5,1.96,10,A,49.64,0.6178,0.1949,0.1552,0.0231,0.0068,0.0018,0.0005,
S10 100-5,S,10,100,5,1.96,15,A,47.49,0.6178,0.1949,0.1552,0.0231,0.0068,0.0018,0.0005,
S10 100-5,S,10,100,5,1.96,15,A,43.69,0.6178,0.1949,0.1552,0.0231,0.0068,0.0018,0.0005,
S10 110-4,S,10,110,4,1.81,0,Z,,0.532,0.1879,0.2017,0.0599,0.0154,0.0024,0.0006,
S10 110-4,S,10,110,4,1.81,5,Z,,0.532,0.1879,0.2017,0.0599,0.0154,0.0024,0.0006,
S10 110-4,S,10,110,4,1.81,15,A,41.86,0.532,0.1879,0.2017,0.0599,0.0154,0.0024,0.0006,
S10 110-4,S,10,110,4,1.81,10,D,,0.532,0.1879,0.2017,0.0599,0.0154,0.0024,0.0006,
S10 110-4,S,10,110,4,1.81,10,D,,0.532,0.1879,0.2017,0.0599,0.0154,0.0024,0.0006,
S10 110-4,S,10,110,4,1.81,10,D,,0.532,0.1879,0.2017,0.0599,0.0154,0.0024,0.0006,
S10 110-4,S,10,110,4,1.81,10,D,,0.532,0.1879,0.2017,0.0599,0.0154,0.0024,0.0006,
S10 110-4,S,10,110,4,1.81,10,D,,0.532,0.1879,0.2017,0.0599,0.0154,0.0024,0.0006,
S10 110-4,S,10,110,4,1.81,10,D,,0.532,0.1879,0.2017,0.0599,0.0154,0.0024,0.0006,
S10 110-4,S,10,110,4,1.81,10,D,,0.532,0.1879,0.2017,0.0599,0.0154,0.0024,0.0006,
S10 110-4,S,10,110,4,1.81,10,D,,0.532,0.1879,0.2017,0.0599,0.0154,0.0024,0.0006,
S10 110-4,S,10,110,4,1.81,10,D,,0.532,0.1879,0.2017,0.0599,0.0154,0.0024,0.0006,
S10 110-4,S,10,110,4,1.81,15,D,,0.532,0.1879,0.2017,0.0599,0.0154,0.0024,0.0006,
S10 110-4,S,10,110,4,1.81,15,D,,0.532,0.1879,0.2017,0.0599,0.0154,0.0024,0.0006,
S10 120-7,S,10,120,7,2.14,0,Z,,0.6115,0.223,0.1322,0.0283,0.0039,0.0006,0.0005,
S10 120-7,S,10,120,7,2.14,5,Z,,0.6115,0.223,0.1322,0.0283,0.0039,0.0006,0.0005,
S10 120-7,S,10,120,7,2.14,10,Z,,0.6115,0.223,0.1322,0.0283,0.0039,0.0006,0.0005,
S10 120-7,S,10,120,7,2.14,15,Z,,0.6115,0.223,0.1322,0.0283,0.0039,0.0006,0.0005,
S10 130-9,S,10,130,9,1.86,0,D,,0.5292,0.1699,0.2103,0.0665,0.0187,0.0035,0.002,
S10 130-9,S,10,130,9,1.86,0,D,,0.5292,0.1699,0.2103,0.0665,0.0187,0.0035,0.002,
S10 130-9,S,10,130,9,1.86,5,Z,,0.5292,0.1699,0.2103,0.0665,0.0187,0.0035,0.002,
S10 130-9,S,10,130,9,1.86,10,Z,,0.5292,0.1699,0.2103,0.0665,0.0187,0.0035,0.002,
S10 130-9,S,10,130,9,1.86,15,Z,,0.5292,0.1699,0.2103,0.0665,0.0187,0.0035,0.002,
S10 140-6,S,10,140,6,1.42,15,A,56.21,0.5557,0.1105,0.2339,0.0789,0.0164,0.0033,0.0014,
S10 140-6,S,10,140,6,1.42,0,D,,0.5557,0.1105,0.2339,0.0789,0.0164,0.0033,0.0014,
S10 140-6,S,10,140,6,1.42,5,D,,0.5557,0.1105,0.2339,0.0789,0.0164,0.0033,0.0014,
S10 140-6,S,10,140,6,1.42,5,D,,0.5557,0.1105,0.2339,0.0789,0.0164,0.0033,0.0014,
S10 140-6,S,10,140,6,1.42,5,D,,0.5557,0.1105,0.2339,0.0789,0.0164,0.0033,0.0014,
S10 140-6,S,10,140,6,1.42,15,D,,0.5557,0.1105,0.2339,0.0789,0.0164,0.0033,0.0014,
N2 0-9,N,2,0,9,4.31,0,Z,,0.4557,0.2914,0.2404,0.0112,0.0011,0.0002,0,
N2 0-9,N,2,0,9,4.31,5,Z,,0.4557,0.2914,0.2404,0.0112,0.0011,0.0002,0,
N2 0-9,N,2,0,9,4.31,10,Z,,0.4557,0.2914,0.2404,0.0112,0.0011,0.0002,0,
N2 0-9,N,2,0,9,4.31,15,Z,,0.4557,0.2914,0.2404,0.0112,0.0011,0.0002,0,
N2 0-9,N,2,0,9,4.31,0,Z,,0.4557,0.2914,0.2404,0.0112,0.0011,0.0002,0,
N2 0-9,N,2,0,9,4.31,5,Z,,0.4557,0.2914,0.2404,0.0112,0.0011,0.0002,0,
N2 0-9,N,2,0,9,4.31,10,Z,,0.4557,0.2914,0.2404,0.0112,0.0011,0.0002,0,
N2 10-4,N,2,10,4,4.19,15,Z,,0.4411,0.1972,0.3265,0.0255,0.0026,0.007,0,
N2 20-4,N,2,20,4,,0,Z,,0.3552,0.5067,0.1272,0.0101,0.0006,0.0001,0,
N2 20-4,N,2,20,4,,5,Z,,0.3552,0.5067,0.1272,0.0101,0.0006,0.0001,0,
N2 20-4,N,2,20,4,,10,Z,,0.3552,0.5067,0.1272,0.0101,0.0006,0.0001,0,
N2 20-4,N,2,20,4,,15,Z,,0.3552,0.5067,0.1272,0.0101,0.0006,0.0001,0,
N2 30-0,N,2,30,0,3.23,0,Z,,0.77,0.1661,0.0447,0.0166,0.0022,0.0002,0.0001,
N2 30-0,N,2,30,0,3.23,5,Z,,0.77,0.1661,0.0447,0.0166,0.0022,0.0002,0.0001,
N2 30-0,N,2,30,0,3.23,10,Z,,0.77,0.1661,0.0447,0.0166,0.0022,0.0002,0.0001,
N2 30-0,N,2,30,0,3.23,15,D,,0.77,0.1661,0.0447,0.0166,0.0022,0.0002,0.0001,
N2 30-0,N,2,30,0,3.23,15,D,,0.77,0.1661,0.0447,0.0166,0.0022,0.0002,0.0001,
N2 40-0,N,2,40,0,3.09,0,Z,,0.6103,0.1797,0.1656,0.0349,0.0081,0.0011,0.0003,
N2 40-0,N,2,40,0,3.09,5,Z,,0.6103,0.1797,0.1656,0.0349,0.0081,0.0011,0.0003,
N2 40-0,N,2,40,0,3.09,10,Z,,0.6103,0.1797,0.1656,0.0349,0.0081,0.0011,0.0003,
N2 40-0,N,2,40,0,3.09,15,Z,,0.6103,0.1797,0.1656,0.0349,0.0081,0.0011,0.0003,
N2 50-0,N,2,50,0,2.77,0,Z,,0.6655,0.1529,0.1384,0.0361,0.006,0.0009,0.0002,
N2 50-0,N,2,50,0,2.77,5,Z,,0.6655,0.1529,0.1384,0.0361,0.006,0.0009,0.0002,
N2 50-0,N,2,50,0,2.77,10,Z,,0.6655,0.1529,0.1384,0.0361,0.006,0.0009,0.0002,
N2 50-0,N,2,50,0,2.77,15,Z,,0.6655,0.1529,0.1384,0.0361,0.006,0.0009,0.0002,
N2 60-1,N,2,60,1,2.57,0,D,,0.6063,0.1554,0.1779,0.0536,0.0062,0.0004,0.0003,
N2 60-1,N,2,60,1,2.57,5,Z,,0.6063,0.1554,0.1779,0.0536,0.0062,0.0004,0.0003,
N2 60-1,N,2,60,1,2.57,10,Z,,0.6063,0.1554,0.1779,0.0536,0.0062,0.0004,0.0003,
N2 60-1,N,2,60,1,2.57,15,Z,,0.6063,0.1554,0.1779,0.0536,0.0062,0.0004,0.0003,
N2 70-0,N,2,70,0,2.62,0,Z,,,,,,,,,
N2 70-0,N,2,70,0,2.62,5,Z,,,,,,,,,
N2 70-0,N,2,70,0,2.62,10,Z,,,,,,,,,
N2 70-0,N,2,70,0,2.62,15,Z,,,,,,,,,
N2 80-6,N,2,80,6,2.17,0,D,,0.5518,0.1771,0.1815,0.0723,0.0148,0.0018,0.0007,
N2 80-6,N,2,80,6,2.17,0,D,,0.5518,0.1771,0.1815,0.0723,0.0148,0.0018,0.0007,
N2 80-6,N,2,80,6,2.17,0,D,,0.5518,0.1771,0.1815,0.0723,0.0148,0.0018,0.0007,
N2 80-6,N,2,80,6,2.17,0,D,,0.5518,0.1771,0.1815,0.0723,0.0148,0.0018,0.0007,
N2 80-6,N,2,80,6,2.17,0,D,,0.5518,0.1771,0.1815,0.0723,0.0148,0.0018,0.0007,
N2 80-6,N,2,80,6,2.17,0,D,,0.5518,0.1771,0.1815,0.0723,0.0148,0.0018,0.0007,
N2 80-6,N,2,80,6,2.17,5,D,,0.5518,0.1771,0.1815,0.0723,0.0148,0.0018,0.0007,
N2 80-6,N,2,80,6,2.17,10,Z,,0.5518,0.1771,0.1815,0.0723,0.0148,0.0018,0.0007,
N2 80-6,N,2,80,6,2.17,15,Z,,0.5518,0.1771,0.1815,0.0723,0.0148,0.0018,0.0007,
N2 90-0,N,2,90,0,2.13,0,Z,,0.605,0.2439,0.1287,0.0185,0.0031,0.0006,0.0002,
N2 90-0,N,2,90,0,2.13,5,Z,,0.605,0.2439,0.1287,0.0185,0.0031,0.0006,0.0002,
N2 90-0,N,2,90,0,2.13,10,A,34.52,0.605,0.2439,0.1287,0.0185,0.0031,0.0006,0.0002,
N2 90-0,N,2,90,0,2.13,15,Z,,0.605,0.2439,0.1287,0.0185,0.0031,0.0006,0.0002,
N2 100-4,N,2,100,4,2.05,0,Z,,0.512,0.2013,0.2504,0.0347,0,0.0011,0.0005,
N2 100-4,N,2,100,4,2.05,5,Z,,0.512,0.2013,0.2504,0.0347,0,0.0011,0.0005,
N2 100-4,N,2,100,4,2.05,10,Z,,0.512,0.2013,0.2504,0.0347,0,0.0011,0.0005,
N2 100-4,N,2,100,4,2.05,15,Z,,0.512,0.2013,0.2504,0.0347,0,0.0011,0.0005,
N2 110-9,N,2,110,9,1.62,0,Z,,0.5429,0.2583,0.1833,0.0139,0.0011,0.0004,0.0002,
N2 110-9,N,2,110,9,1.62,5,Z,,0.5429,0.2583,0.1833,0.0139,0.0011,0.0004,0.0002,
N2 110-9,N,2,110,9,1.62,10,Z,,0.5429,0.2583,0.1833,0.0139,0.0011,0.0004,0.0002,
N2 110-9,N,2,110,9,1.62,15,Z,,0.5429,0.2583,0.1833,0.0139,0.0011,0.0004,0.0002,
N2 120-4,N,2,120,4,1.66,0,Z,,0.6089,0.245,0.134,0.0107,0.001,0.0003,0.0001,
N2 120-4,N,2,120,4,1.66,10,Z,,0.6089,0.245,0.134,0.0107,0.001,0.0003,0.0001,
N2 120-4,N,2,120,4,1.66,5,D,,0.6089,0.245,0.134,0.0107,0.001,0.0003,0.0001,
N2 120-4,N,2,120,4,1.66,15,D,,0.6089,0.245,0.134,0.0107,0.001,0.0003,0.0001,
N2 130-0,N,2,130,0,1.46,0,Z,,0.604,0.1863,0.1731,0.0305,0.0046,0.0012,0.0003,
N2 130-0,N,2,130,0,1.46,5,Z,,0.604,0.1863,0.1731,0.0305,0.0046,0.0012,0.0003,
N2 130-0,N,2,130,0,1.46,10,Z,,0.604,0.1863,0.1731,0.0305,0.0046,0.0012,0.0003,
N2 130-0,N,2,130,0,1.46,15,Z,,0.604,0.1863,0.1731,0.0305,0.0046,0.0012,0.0003,
N 2 140-7,N ,2,140,7,1.48,0,Z,,,,,,,,,
N 2 140-7,N ,2,140,7,1.48,5,Z,,,,,,,,,
N 2 140-7,N ,2,140,7,1.48,10,Z,,,,,,,,,
N 2 140-7,N ,2,140,7,1.48,15,Z,,,,,,,,,
N5 0-3,N,5,0,3,4.32,0,Z,,0.5588,0.2039,0.2149,0.0182,0.0026,0.0011,0.0004,
N5 0-3,N,5,0,3,4.32,5,Z,,0.5588,0.2039,0.2149,0.0182,0.0026,0.0011,0.0004,
N5 0-3,N,5,0,3,4.32,10,Z,,0.5588,0.2039,0.2149,0.0182,0.0026,0.0011,0.0004,
N5 0-3,N,5,0,3,4.32,15,Z,,0.5588,0.2039,0.2149,0.0182,0.0026,0.0011,0.0004,
N5 10-4,N,5,10,4,4.63,0,Z,,0.4446,0.2579,0.2385,0.0477,0.0097,0.001,0.0006,
N5 10-4,N,5,10,4,4.63,5,Z,,0.4446,0.2579,0.2385,0.0477,0.0097,0.001,0.0006,
N5 10-4,N,5,10,4,4.63,10,Z,,0.4446,0.2579,0.2385,0.0477,0.0097,0.001,0.0006,
N5 10-4,N,5,10,4,4.63,15,Z,,0.4446,0.2579,0.2385,0.0477,0.0097,0.001,0.0006,
N5 20-9,N,5,20,9,3.93,10,D,,0.6006,0.1236,0.218,0.052,0.0049,0.0005,0.0003,
N5 30-3,N,5,30,3,3.43,0,Z,,0.3506,0.2736,0.3366,0.0356,0.0032,0.0003,0,Bedrock
N5 40-2,N,5,40,2,3.18,0,Z,,0.6765,0.2013,0.0921,0.0223,0.003,0.0006,0.0042,
N5 40-2,N,5,40,2,3.18,5,Z,,0.6765,0.2013,0.0921,0.0223,0.003,0.0006,0.0042,
N5 40-2,N,5,40,2,3.18,10,Z,,0.6765,0.2013,0.0921,0.0223,0.003,0.0006,0.0042,
N5 40-2,N,5,40,2,3.18,15,A,33.1,0.6765,0.2013,0.0921,0.0223,0.003,0.0006,0.0042,
N5 40-2,N,5,40,2,3.18,15,D,,0.6765,0.2013,0.0921,0.0223,0.003,0.0006,0.0042,
N5 40-2,N,5,40,2,3.18,15,D,,0.6765,0.2013,0.0921,0.0223,0.003,0.0006,0.0042,
N5 50-4,N,5,50,4,2.77,0,Z,,0.4936,0.1606,0.2462,0.0819,0.0149,0.0019,0.0008,
N5 50-4,N,5,50,4,2.77,5,A,38.12,0.4936,0.1606,0.2462,0.0819,0.0149,0.0019,0.0008,
N5 50-4,N,5,50,4,2.77,5,D,,0.4936,0.1606,0.2462,0.0819,0.0149,0.0019,0.0008,
N5 50-4,N,5,50,4,2.77,5,A,31.54,0.4936,0.1606,0.2462,0.0819,0.0149,0.0019,0.0008,
N5 50-4,N,5,50,4,2.77,5,A,32.16,0.4936,0.1606,0.2462,0.0819,0.0149,0.0019,0.0008,
N5 50-4,N,5,50,4,2.77,5,A,32,0.4936,0.1606,0.2462,0.0819,0.0149,0.0019,0.0008,
N5 50-4,N,5,50,4,2.77,10,A,34.42,0.4936,0.1606,0.2462,0.0819,0.0149,0.0019,0.0008,
N5 50-4,N,5,50,4,2.77,10,A,37.33,0.4936,0.1606,0.2462,0.0819,0.0149,0.0019,0.0008,
N5 50-4,N,5,50,4,2.77,10,A,33.25,0.4936,0.1606,0.2462,0.0819,0.0149,0.0019,0.0008,
N5 50-4,N,5,50,4,2.77,15,A,34.59,0.4936,0.1606,0.2462,0.0819,0.0149,0.0019,0.0008,
N5 50-4,N,5,50,4,2.77,15,A,34.09,0.4936,0.1606,0.2462,0.0819,0.0149,0.0019,0.0008,
N5 50-4,N,5,50,4,2.77,15,A,35.22,0.4936,0.1606,0.2462,0.0819,0.0149,0.0019,0.0008,
N5 50-4,N,5,50,4,2.77,15,A,27.44,0.4936,0.1606,0.2462,0.0819,0.0149,0.0019,0.0008,
N5 60-5,N,5,60,5,2.46,0,Z,,0.5966,0.1923,0.1772,0.0288,0.0044,0.0006,0.0001,
N5 60-5,N,5,60,5,2.46,5,Z,,0.5966,0.1923,0.1772,0.0288,0.0044,0.0006,0.0001,
N5 60-5,N,5,60,5,2.46,10,Z,,0.5966,0.1923,0.1772,0.0288,0.0044,0.0006,0.0001,
N5 60-5,N,5,60,5,2.46,15,Z,,0.5966,0.1923,0.1772,0.0288,0.0044,0.0006,0.0001,
N5 70-5,N,5,70,5,2.4,0,Z,,0.5288,0.2253,0.2005,0.0394,0.0054,0.0005,0.0001,
N5 70-5,N,5,70,5,2.4,5,Z,,0.5288,0.2253,0.2005,0.0394,0.0054,0.0005,0.0001,
N5 70-5,N,5,70,5,2.4,10,D,,0.5288,0.2253,0.2005,0.0394,0.0054,0.0005,0.0001,
N5 70-5,N,5,70,5,2.4,10,D,,0.5288,0.2253,0.2005,0.0394,0.0054,0.0005,0.0001,
N5 70-5,N,5,70,5,2.4,10,D,,0.5288,0.2253,0.2005,0.0394,0.0054,0.0005,0.0001,
N5 70-5,N,5,70,5,2.4,15,D,,0.5288,0.2253,0.2005,0.0394,0.0054,0.0005,0.0001,
N5 70-5,N,5,70,5,2.4,15,D,,0.5288,0.2253,0.2005,0.0394,0.0054,0.0005,0.0001,
N5 70-5,N,5,70,5,2.4,15,D,,0.5288,0.2253,0.2005,0.0394,0.0054,0.0005,0.0001,
N5 80-1,N,5,80,1,2.33,0,Z,,0.6091,0.1683,0.1797,0.0376,0.0048,0.0005,0,
N5 80-1,N,5,80,1,2.33,5,Z,,0.6091,0.1683,0.1797,0.0376,0.0048,0.0005,0,
N5 80-1,N,5,80,1,2.33,15,Z,,0.6091,0.1683,0.1797,0.0376,0.0048,0.0005,0,
N5 80-1,N,5,80,1,2.33,10,A,35.8,0.6091,0.1683,0.1797,0.0376,0.0048,0.0005,0,
N5 90-3,N,5,90,3,2.14,0,Z,,0.5724,0.289,0.1289,0.0079,0.001,0.0004,0.0004,
N5 90-3,N,5,90,3,2.14,5,Z,,0.5724,0.289,0.1289,0.0079,0.001,0.0004,0.0004,
N5 90-3,N,5,90,3,2.14,10,A,48.64,0.5724,0.289,0.1289,0.0079,0.001,0.0004,0.0004,
N5 90-3,N,5,90,3,2.14,10,A,26.71,0.5724,0.289,0.1289,0.0079,0.001,0.0004,0.0004,
N5 90-3,N,5,90,3,2.14,10,D,,0.5724,0.289,0.1289,0.0079,0.001,0.0004,0.0004,
N5 90-3,N,5,90,3,2.14,10,D,,0.5724,0.289,0.1289,0.0079,0.001,0.0004,0.0004,
N5 90-3,N,5,90,3,2.14,15,D,,0.5724,0.289,0.1289,0.0079,0.001,0.0004,0.0004,
N5 100-7,N,5,100,7,2.09,0,Z,,0.4203,0.395,0.1805,0.0037,0.0003,0.0002,0,
N5 100-7,N,5,100,7,2.09,5,Z,,0.4203,0.395,0.1805,0.0037,0.0003,0.0002,0,
N5 100-7,N,5,100,7,2.09,10,Z,,0.4203,0.395,0.1805,0.0037,0.0003,0.0002,0,
N5 100-7,N,5,100,7,2.09,15,Z,,0.4203,0.395,0.1805,0.0037,0.0003,0.0002,0,
N5 110-3,N,5,110,3,1.74,0,Z,,0.5704,0.1985,0.1821,0.0396,0.008,0.0012,0.0001,
N5 110-3,N,5,110,3,1.74,5,Z,,0.5704,0.1985,0.1821,0.0396,0.008,0.0012,0.0001,
N5 110-3,N,5,110,3,1.74,10,Z,,0.5704,0.1985,0.1821,0.0396,0.008,0.0012,0.0001,
N5 110-3,N,5,110,3,1.74,15,Z,,0.5704,0.1985,0.1821,0.0396,0.008,0.0012,0.0001,
N5 120-8,N,5,120,8,1.56,0,Z,,0.8092,0.0288,0.14,0.0172,0.0034,0.0012,0.0001,
N5 120-8,N,5,120,8,1.56,5,D,,0.8092,0.0288,0.14,0.0172,0.0034,0.0012,0.0001,
N5 120-8,N,5,120,8,1.56,5,D,,0.8092,0.0288,0.14,0.0172,0.0034,0.0012,0.0001,
N5 120-8,N,5,120,8,1.56,10,D,,0.8092,0.0288,0.14,0.0172,0.0034,0.0012,0.0001,
N5 120-8,N,5,120,8,1.56,10,D,,0.8092,0.0288,0.14,0.0172,0.0034,0.0012,0.0001,
N5 120-8,N,5,120,8,1.56,15,Z,,0.8092,0.0288,0.14,0.0172,0.0034,0.0012,0.0001,
N5 130-2,N,5,130,2,1.42,0,Z,,0.4377,0.2694,0.2496,0.0348,0.0068,0.0016,0.0001,
N5 130-2,N,5,130,2,1.42,5,Z,,0.4377,0.2694,0.2496,0.0348,0.0068,0.0016,0.0001,
N5 130-2,N,5,130,2,1.42,10,Z,,0.4377,0.2694,0.2496,0.0348,0.0068,0.0016,0.0001,
N5 130-2,N,5,130,2,1.42,15,A,42.91,0.4377,0.2694,0.2496,0.0348,0.0068,0.0016,0.0001,
N5 130-2,N,5,130,2,1.42,15,A,48.63,0.4377,0.2694,0.2496,0.0348,0.0068,0.0016,0.0001,
N5 140-3,N,5,140,3,1.29,0,Z,,0.5577,0.2485,0.1611,0.024,0.0066,0.0017,0.0004,
N5 140-3,N,5,140,3,1.29,5,Z,,0.5577,0.2485,0.1611,0.024,0.0066,0.0017,0.0004,
N5 140-3,N,5,140,3,1.29,10,Z,,0.5577,0.2485,0.1611,0.024,0.0066,0.0017,0.0004,
N5 140-3,N,5,140,3,1.29,15,Z,,0.5577,0.2485,0.1611,0.024,0.0066,0.0017,0.0004,
N10 20-0,N,10,20,0,4.17,0,Z,,0.6331,0.1846,0.1516,0.0235,0.0053,0.0013,0.0005,
N10 20-0,N,10,20,0,4.17,5,Z,,0.6331,0.1846,0.1516,0.0235,0.0053,0.0013,0.0005,
N10 20-0,N,10,20,0,4.17,15,Z,,0.6331,0.1846,0.1516,0.0235,0.0053,0.0013,0.0005,
N10 20-0,N,10,20,0,4.17,10,D,,0.6331,0.1846,0.1516,0.0235,0.0053,0.0013,0.0005,
N10 30-1,N,10,30,1,3.54,0,Z,,0.5409,0.2627,0.1756,0.0176,0.0029,0.0003,0.0001,
N10 30-1,N,10,30,1,3.54,5,Z,,0.5409,0.2627,0.1756,0.0176,0.0029,0.0003,0.0001,
N10 30-1,N,10,30,1,3.54,10,Z,,0.5409,0.2627,0.1756,0.0176,0.0029,0.0003,0.0001,
N10 30-1,N,10,30,1,3.54,15,Z,,0.5409,0.2627,0.1756,0.0176,0.0029,0.0003,0.0001,
N10 40-6,N,10,40,6,2.94,0,Z,,0.5907,0.2262,0.1534,0.0252,0.0036,0.0007,0.0002,
N10 40-6,N,10,40,6,2.94,5,A,37.8,0.5907,0.2262,0.1534,0.0252,0.0036,0.0007,0.0002,
N10 40-6,N,10,40,6,2.94,5,A,34.85,0.5907,0.2262,0.1534,0.0252,0.0036,0.0007,0.0002,
N10 40-6,N,10,40,6,2.94,5,A,30.27,0.5907,0.2262,0.1534,0.0252,0.0036,0.0007,0.0002,
N10 40-6,N,10,40,6,2.94,5,A,26.13,0.5907,0.2262,0.1534,0.0252,0.0036,0.0007,0.0002,
N10 40-6,N,10,40,6,2.94,10,A,23.96,0.5907,0.2262,0.1534,0.0252,0.0036,0.0007,0.0002,
N10 40-6,N,10,40,6,2.94,15,Z,,0.5907,0.2262,0.1534,0.0252,0.0036,0.0007,0.0002,
N10 50-3,N,10,50,3,2.65,0,A,26.1,0.3799,0.1287,0.3131,0.1295,0.0444,0.0036,0.0008,
N10 50-3,N,10,50,3,2.65,0,A,47.28,0.3799,0.1287,0.3131,0.1295,0.0444,0.0036,0.0008,
N10 50-3,N,10,50,3,2.65,0,A,43.03,0.3799,0.1287,0.3131,0.1295,0.0444,0.0036,0.0008,
N10 50-3,N,10,50,3,2.65,0,A,41.2,0.3799,0.1287,0.3131,0.1295,0.0444,0.0036,0.0008,
N10 50-3,N,10,50,3,2.65,0,A,52.35,0.3799,0.1287,0.3131,0.1295,0.0444,0.0036,0.0008,
N10 50-3,N,10,50,3,2.65,0,A,37.8,0.3799,0.1287,0.3131,0.1295,0.0444,0.0036,0.0008,
N10 50-3,N,10,50,3,2.65,0,A,45.75,0.3799,0.1287,0.3131,0.1295,0.0444,0.0036,0.0008,
N10 50-3,N,10,50,3,2.65,5,A,29.48,0.3799,0.1287,0.3131,0.1295,0.0444,0.0036,0.0008,
N10 50-3,N,10,50,3,2.65,5,A,29.35,0.3799,0.1287,0.3131,0.1295,0.0444,0.0036,0.0008,
N10 50-3,N,10,50,3,2.65,5,A,41.98,0.3799,0.1287,0.3131,0.1295,0.0444,0.0036,0.0008,
N10 50-3,N,10,50,3,2.65,5,A,30.82,0.3799,0.1287,0.3131,0.1295,0.0444,0.0036,0.0008,
N10 50-3,N,10,50,3,2.65,5,A,34.23,0.3799,0.1287,0.3131,0.1295,0.0444,0.0036,0.0008,
N10 50-3,N,10,50,3,2.65,5,A,42.61,0.3799,0.1287,0.3131,0.1295,0.0444,0.0036,0.0008,
N10 50-3,N,10,50,3,2.65,5,A,43.4,0.3799,0.1287,0.3131,0.1295,0.0444,0.0036,0.0008,
N10 50-3,N,10,50,3,2.65,5,A,38.49,0.3799,0.1287,0.3131,0.1295,0.0444,0.0036,0.0008,
N10 50-3,N,10,50,3,2.65,5,A,31.78,0.3799,0.1287,0.3131,0.1295,0.0444,0.0036,0.0008,
N10 50-3,N,10,50,3,2.65,5,A,27.12,0.3799,0.1287,0.3131,0.1295,0.0444,0.0036,0.0008,
N10 50-3,N,10,50,3,2.65,5,A,37.05,0.3799,0.1287,0.3131,0.1295,0.0444,0.0036,0.0008,
N10 50-3,N,10,50,3,2.65,10,A,50.06,0.3799,0.1287,0.3131,0.1295,0.0444,0.0036,0.0008,
N10 50-3,N,10,50,3,2.65,10,A,34.59,0.3799,0.1287,0.3131,0.1295,0.0444,0.0036,0.0008,
N10 50-3,N,10,50,3,2.65,10,A,26.25,0.3799,0.1287,0.3131,0.1295,0.0444,0.0036,0.0008,
N10 50-3,N,10,50,3,2.65,15,A,30.65,0.3799,0.1287,0.3131,0.1295,0.0444,0.0036,0.0008,
N10 50-3,N,10,50,3,2.65,15,A,25.93,0.3799,0.1287,0.3131,0.1295,0.0444,0.0036,0.0008,
N10 50-3,N,10,50,3,2.65,15,A,33.14,0.3799,0.1287,0.3131,0.1295,0.0444,0.0036,0.0008,
N10 50-3,N,10,50,3,2.65,15,A,33.56,0.3799,0.1287,0.3131,0.1295,0.0444,0.0036,0.0008,
N10 50-3,N,10,50,3,2.65,15,A,31.71,0.3799,0.1287,0.3131,0.1295,0.0444,0.0036,0.0008,
N10 50-3,N,10,50,3,2.65,0,D,,0.3799,0.1287,0.3131,0.1295,0.0444,0.0036,0.0008,
N10 50-3,N,10,50,3,2.65,5,D,,0.3799,0.1287,0.3131,0.1295,0.0444,0.0036,0.0008,
N10 50-3,N,10,50,3,2.65,5,D,,0.3799,0.1287,0.3131,0.1295,0.0444,0.0036,0.0008,
N10 50-3,N,10,50,3,2.65,5,D,,0.3799,0.1287,0.3131,0.1295,0.0444,0.0036,0.0008,
N10 50-3,N,10,50,3,2.65,5,D,,0.3799,0.1287,0.3131,0.1295,0.0444,0.0036,0.0008,
N10 50-3,N,10,50,3,2.65,5,D,,0.3799,0.1287,0.3131,0.1295,0.0444,0.0036,0.0008,
N10 50-3,N,10,50,3,2.65,10,D,,0.3799,0.1287,0.3131,0.1295,0.0444,0.0036,0.0008,
N10 50-3,N,10,50,3,2.65,10,D,,0.3799,0.1287,0.3131,0.1295,0.0444,0.0036,0.0008,
N10 50-3,N,10,50,3,2.65,10,D,,0.3799,0.1287,0.3131,0.1295,0.0444,0.0036,0.0008,
N10 50-3,N,10,50,3,2.65,10,D,,0.3799,0.1287,0.3131,0.1295,0.0444,0.0036,0.0008,
N10 50-3,N,10,50,3,2.65,10,D,,0.3799,0.1287,0.3131,0.1295,0.0444,0.0036,0.0008,
N10 50-3,N,10,50,3,2.65,10,D,,0.3799,0.1287,0.3131,0.1295,0.0444,0.0036,0.0008,
N10 50-3,N,10,50,3,2.65,10,D,,0.3799,0.1287,0.3131,0.1295,0.0444,0.0036,0.0008,
N10 50-3,N,10,50,3,2.65,10,D,,0.3799,0.1287,0.3131,0.1295,0.0444,0.0036,0.0008,
N10 50-3,N,10,50,3,2.65,15,D,,0.3799,0.1287,0.3131,0.1295,0.0444,0.0036,0.0008,
N10 50-3,N,10,50,3,2.65,15,D,,0.3799,0.1287,0.3131,0.1295,0.0444,0.0036,0.0008,
N10 60-4,N,10,60,4,2.39,0,Z,,0.5031,0.2855,0.1894,0.0199,0.0018,0.0002,0,
N10 60-4,N,10,60,4,2.39,5,Z,,0.5031,0.2855,0.1894,0.0199,0.0018,0.0002,0,
N10 60-4,N,10,60,4,2.39,10,Z,,0.5031,0.2855,0.1894,0.0199,0.0018,0.0002,0,
N10 60-4,N,10,60,4,2.39,15,Z,,0.5031,0.2855,0.1894,0.0199,0.0018,0.0002,0,
N10 70-5,N,10,70,5,2.33,0,D,,0.5132,0.2459,0.1905,0.0414,0.0081,0.0006,0.0002,
N10 70-5,N,10,70,5,2.33,0,D,,0.5132,0.2459,0.1905,0.0414,0.0081,0.0006,0.0002,
N10 70-5,N,10,70,5,2.33,0,D,,0.5132,0.2459,0.1905,0.0414,0.0081,0.0006,0.0002,
N10 70-5,N,10,70,5,2.33,5,D,,0.5132,0.2459,0.1905,0.0414,0.0081,0.0006,0.0002,
N10 70-5,N,10,70,5,2.33,5,D,,0.5132,0.2459,0.1905,0.0414,0.0081,0.0006,0.0002,
N10 70-5,N,10,70,5,2.33,5,D,,0.5132,0.2459,0.1905,0.0414,0.0081,0.0006,0.0002,
N10 70-5,N,10,70,5,2.33,10,D,,0.5132,0.2459,0.1905,0.0414,0.0081,0.0006,0.0002,
N10 70-5,N,10,70,5,2.33,15,Z,,0.5132,0.2459,0.1905,0.0414,0.0081,0.0006,0.0002,
N10 80-5,N,10,80,5,2.1,0,D,,0.5167,0.1327,0.3076,0.0365,0.0058,0.0006,0.0001,
N10 80-5,N,10,80,5,2.1,5,A,39.99,0.5167,0.1327,0.3076,0.0365,0.0058,0.0006,0.0001,
N10 80-5,N,10,80,5,2.1,5,D,,0.5167,0.1327,0.3076,0.0365,0.0058,0.0006,0.0001,
N10 80-5,N,10,80,5,2.1,10,D,,0.5167,0.1327,0.3076,0.0365,0.0058,0.0006,0.0001,
N10 80-5,N,10,80,5,2.1,15,Z,,0.5167,0.1327,0.3076,0.0365,0.0058,0.0006,0.0001,
N10 90-5,N,10,90,5,1.78,0,A,16.91,0.5078,0.2607,0.2157,0.0068,0.0055,0.0025,0.0011,
N10 90-5,N,10,90,5,1.78,0,A,17.84,0.5078,0.2607,0.2157,0.0068,0.0055,0.0025,0.0011,
N10 90-5,N,10,90,5,1.78,0,A,14.42,0.5078,0.2607,0.2157,0.0068,0.0055,0.0025,0.0011,
N10 90-5,N,10,90,5,1.78,0,A,12.11,0.5078,0.2607,0.2157,0.0068,0.0055,0.0025,0.0011,
N10 90-5,N,10,90,5,1.78,0,A,13.22,0.5078,0.2607,0.2157,0.0068,0.0055,0.0025,0.0011,
N10 90-5,N,10,90,5,1.78,0,A,13.27,0.5078,0.2607,0.2157,0.0068,0.0055,0.0025,0.0011,
N10 90-5,N,10,90,5,1.78,0,A,12.01,0.5078,0.2607,0.2157,0.0068,0.0055,0.0025,0.0011,
N10 90-5,N,10,90,5,1.78,0,A,11.45,0.5078,0.2607,0.2157,0.0068,0.0055,0.0025,0.0011,
N10 90-5,N,10,90,5,1.78,5,A,19.51,0.5078,0.2607,0.2157,0.0068,0.0055,0.0025,0.0011,
N10 90-5,N,10,90,5,1.78,5,A,27.44,0.5078,0.2607,0.2157,0.0068,0.0055,0.0025,0.0011,
N10 90-5,N,10,90,5,1.78,5,A,17.59,0.5078,0.2607,0.2157,0.0068,0.0055,0.0025,0.0011,
N10 90-5,N,10,90,5,1.78,10,A,15.46,0.5078,0.2607,0.2157,0.0068,0.0055,0.0025,0.0011,
N10 90-5,N,10,90,5,1.78,0,D,,0.5078,0.2607,0.2157,0.0068,0.0055,0.0025,0.0011,
N10 90-5,N,10,90,5,1.78,5,D,,0.5078,0.2607,0.2157,0.0068,0.0055,0.0025,0.0011,
N10 90-5,N,10,90,5,1.78,5,D,,0.5078,0.2607,0.2157,0.0068,0.0055,0.0025,0.0011,
N10 90-5,N,10,90,5,1.78,5,D,,0.5078,0.2607,0.2157,0.0068,0.0055,0.0025,0.0011,
N10 90-5,N,10,90,5,1.78,5,D,,0.5078,0.2607,0.2157,0.0068,0.0055,0.0025,0.0011,
N10 90-5,N,10,90,5,1.78,10,D,,0.5078,0.2607,0.2157,0.0068,0.0055,0.0025,0.0011,
N10 90-5,N,10,90,5,1.78,10,D,,0.5078,0.2607,0.2157,0.0068,0.0055,0.0025,0.0011,
N10 90-5,N,10,90,5,1.78,15,Z,,0.5078,0.2607,0.2157,0.0068,0.0055,0.0025,0.0011,
N10 100-7,N,10,100,7,1.79,0,Z,,,,,,,,,
N10 100-7,N,10,100,7,1.79,15,Z,,,,,,,,,
N10 100-7,N,10,100,7,1.79,5,A,34.82,,,,,,,,
N10 100-7,N,10,100,7,1.79,10,A,49.95,,,,,,,,
N10 110-5,N,10,110,5,1.46,0,D,,0.741,0.132,0.1039,0.0169,0.0047,0.0012,0.0003,
N10 110-5,N,10,110,5,1.46,5,Z,,0.741,0.132,0.1039,0.0169,0.0047,0.0012,0.0003,
N10 110-5,N,10,110,5,1.46,10,Z,,0.741,0.132,0.1039,0.0169,0.0047,0.0012,0.0003,
N10 110-5,N,10,110,5,1.46,15,Z,,0.741,0.132,0.1039,0.0169,0.0047,0.0012,0.0003,
N10 120-0,N,10,120,0,1.57,0,Z,,0.5443,0.1994,0.2054,0.0366,0.0098,0.0033,0.0012,
N10 120-0,N,10,120,0,1.57,5,A,46.74,0.5443,0.1994,0.2054,0.0366,0.0098,0.0033,0.0012,
N10 120-0,N,10,120,0,1.57,5,A,42.91,0.5443,0.1994,0.2054,0.0366,0.0098,0.0033,0.0012,
N10 120-0,N,10,120,0,1.57,10,Z,,0.5443,0.1994,0.2054,0.0366,0.0098,0.0033,0.0012,
N10 120-0,N,10,120,0,1.57,15,Z,,0.5443,0.1994,0.2054,0.0366,0.0098,0.0033,0.0012,
N10 110-5,N,10,110,5,1.46,0,D,,0.741,0.132,0.1039,0.0169,0.0047,0.0012,0.0003,
N10 110-5,N,10,110,5,1.46,5,Z,,0.741,0.132,0.1039,0.0169,0.0047,0.0012,0.0003,
N10 110-5,N,10,110,5,1.46,10,Z,,0.741,0.132,0.1039,0.0169,0.0047,0.0012,0.0003,
N10 110-5,N,10,110,5,1.46,15,Z,,0.741,0.132,0.1039,0.0169,0.0047,0.0012,0.0003,
N10 120-0,N,10,120,0,1.57,0,Z,,0.5443,0.1994,0.2054,0.0366,0.0098,0.0033,0.0012,
N10 120-0,N,10,120,0,1.57,5,D,,0.5443,0.1994,0.2054,0.0366,0.0098,0.0033,0.0012,
N10 120-0,N,10,120,0,1.57,5,D,,0.5443,0.1994,0.2054,0.0366,0.0098,0.0033,0.0012,
N10 120-0,N,10,120,0,1.57,5,D,,0.5443,0.1994,0.2054,0.0366,0.0098,0.0033,0.0012,
N10 120-0,N,10,120,0,1.57,10,Z,,0.5443,0.1994,0.2054,0.0366,0.0098,0.0033,0.0012,
N10 120-0,N,10,120,0,1.57,15,Z,,0.5443,0.1994,0.2054,0.0366,0.0098,0.0033,0.0012,
N10 130-4,N,10,130,4,1.64,0,Z,,0.7919,0,0.1948,0.01,0.0019,0.0012,0.0002,
N10 130-4,N,10,130,4,1.64,5,Z,,0.7919,0,0.1948,0.01,0.0019,0.0012,0.0002,
N10 130-4,N,10,130,4,1.64,10,Z,,0.7919,0,0.1948,0.01,0.0019,0.0012,0.0002,
N10 130-4,N,10,130,4,1.64,15,Z,,0.7919,0,0.1948,0.01,0.0019,0.0012,0.0002,
C 20-6,C,0,20,6,3.54,0,Z,,0.7494,0.1563,0.0842,0.0088,0.001,0.0003,0,
C 20-6,C,0,20,6,3.54,5,Z,,0.7494,0.1563,0.0842,0.0088,0.001,0.0003,0,
C 20-6,C,0,20,6,3.54,10,Z,,0.7494,0.1563,0.0842,0.0088,0.001,0.0003,0,
C 20-6,C,0,20,6,3.54,15,Z,,0.7494,0.1563,0.0842,0.0088,0.001,0.0003,0,
C 30-4,C,0,30,4,3.3,0,D,,0.6359,0.1759,0.1795,0.007,0.001,0.0006,0.0001,
C 30-4,C,0,30,4,3.3,0,D,,0.6359,0.1759,0.1795,0.007,0.001,0.0006,0.0001,
C 30-4,C,0,30,4,3.3,5,Z,,0.6359,0.1759,0.1795,0.007,0.001,0.0006,0.0001,
C 30-4,C,0,30,4,3.3,10,Z,,0.6359,0.1759,0.1795,0.007,0.001,0.0006,0.0001,
C 30-4,C,0,30,4,3.3,15,D,,0.6359,0.1759,0.1795,0.007,0.001,0.0006,0.0001,
C 30-4,C,0,30,4,3.3,15,D,,0.6359,0.1759,0.1795,0.007,0.001,0.0006,0.0001,
C 40-9,C,0,40,9,2.8,0,D,,0.8592,0.0864,0.0498,0.0027,0.0008,0.001,0.0001,
C 40-9,C,0,40,9,2.8,5,Z,,0.8592,0.0864,0.0498,0.0027,0.0008,0.001,0.0001,
C 40-9,C,0,40,9,2.8,10,Z,,0.8592,0.0864,0.0498,0.0027,0.0008,0.001,0.0001,
C 40-9,C,0,40,9,2.8,15,Z,,0.8592,0.0864,0.0498,0.0027,0.0008,0.001,0.0001,
C 50-3,C,0,50,3,2.6,0,Z,,0.5793,0.1837,0.2082,0.0247,0.0032,0.0008,0.0001,
C 50-3,C,0,50,3,2.6,5,Z,,0.5793,0.1837,0.2082,0.0247,0.0032,0.0008,0.0001,
C 50-3,C,0,50,3,2.6,10,Z,,0.5793,0.1837,0.2082,0.0247,0.0032,0.0008,0.0001,
C 50-3,C,0,50,3,2.6,15,Z,,0.5793,0.1837,0.2082,0.0247,0.0032,0.0008,0.0001,
C 60-3,C,0,60,3,2.45,0,D,,0.5972,0.1661,0.2066,0.0248,0.004,0.0008,0.0004,
C 60-3,C,0,60,3,2.45,0,D,,0.5972,0.1661,0.2066,0.0248,0.004,0.0008,0.0004,
C 60-3,C,0,60,3,2.45,0,D,,0.5972,0.1661,0.2066,0.0248,0.004,0.0008,0.0004,
C 60-3,C,0,60,3,2.45,0,D,,0.5972,0.1661,0.2066,0.0248,0.004,0.0008,0.0004,
C 60-3,C,0,60,3,2.45,5,D,,0.5972,0.1661,0.2066,0.0248,0.004,0.0008,0.0004,
C 60-3,C,0,60,3,2.45,5,D,,0.5972,0.1661,0.2066,0.0248,0.004,0.0008,0.0004,
C 60-3,C,0,60,3,2.45,5,D,,0.5972,0.1661,0.2066,0.0248,0.004,0.0008,0.0004,
C 60-3,C,0,60,3,2.45,10,D,,0.5972,0.1661,0.2066,0.0248,0.004,0.0008,0.0004,
C 60-3,C,0,60,3,2.45,15,Z,,0.5972,0.1661,0.2066,0.0248,0.004,0.0008,0.0004,
C 70-7,C,0,70,7,2.16,0,D,,0.6637,0.2155,0.1095,0.0095,0.0014,0.0002,0.0001,
C 70-7,C,0,70,7,2.16,0,D,,0.6637,0.2155,0.1095,0.0095,0.0014,0.0002,0.0001,
C 70-7,C,0,70,7,2.16,0,D,,0.6637,0.2155,0.1095,0.0095,0.0014,0.0002,0.0001,
C 70-7,C,0,70,7,2.16,5,D,,0.6637,0.2155,0.1095,0.0095,0.0014,0.0002,0.0001,
C 70-7,C,0,70,7,2.16,5,D,,0.6637,0.2155,0.1095,0.0095,0.0014,0.0002,0.0001,
C 70-7,C,0,70,7,2.16,10,D,,0.6637,0.2155,0.1095,0.0095,0.0014,0.0002,0.0001,
C 70-7,C,0,70,7,2.16,15,Z,,0.6637,0.2155,0.1095,0.0095,0.0014,0.0002,0.0001,
C 80-6,C,0,80,6,2.04,0,D,,0.536,0.1974,0.2358,0.0281,0.0023,0.0003,0.0001,
C 80-6,C,0,80,6,2.04,0,D,,0.536,0.1974,0.2358,0.0281,0.0023,0.0003,0.0001,
C 80-6,C,0,80,6,2.04,0,D,,0.536,0.1974,0.2358,0.0281,0.0023,0.0003,0.0001,
C 80-6,C,0,80,6,2.04,0,D,,0.536,0.1974,0.2358,0.0281,0.0023,0.0003,0.0001,
C 80-6,C,0,80,6,2.04,0,D,,0.536,0.1974,0.2358,0.0281,0.0023,0.0003,0.0001,
C 80-6,C,0,80,6,2.04,0,D,,0.536,0.1974,0.2358,0.0281,0.0023,0.0003,0.0001,
C 80-6,C,0,80,6,2.04,0,D,,0.536,0.1974,0.2358,0.0281,0.0023,0.0003,0.0001,
C 80-6,C,0,80,6,2.04,5,D,,0.536,0.1974,0.2358,0.0281,0.0023,0.0003,0.0001,
C 80-6,C,0,80,6,2.04,5,D,,0.536,0.1974,0.2358,0.0281,0.0023,0.0003,0.0001,
C 80-6,C,0,80,6,2.04,10,Z,,0.536,0.1974,0.2358,0.0281,0.0023,0.0003,0.0001,
C 80-6,C,0,80,6,2.04,15,Z,,0.536,0.1974,0.2358,0.0281,0.0023,0.0003,0.0001,
C 90-2,C,0,90,2,1.95,0,D,,0.6556,0.1552,0.1567,0.0259,0.0057,0.0007,0.0002,
C 90-2,C,0,90,2,1.95,0,D,,0.6556,0.1552,0.1567,0.0259,0.0057,0.0007,0.0002,
C 100-0,C,0,100,0,1.89,0,D,,0.6386,0.193,0.1523,0.013,0.0023,0.0005,0.0004,
C 100-0,C,0,100,0,1.89,0,D,,0.6386,0.193,0.1523,0.013,0.0023,0.0005,0.0004,
C 100-0,C,0,100,0,1.89,0,D,,0.6386,0.193,0.1523,0.013,0.0023,0.0005,0.0004,
C 100-0,C,0,100,0,1.89,0,D,,0.6386,0.193,0.1523,0.013,0.0023,0.0005,0.0004,
C 100-0,C,0,100,0,1.89,0,D,,0.6386,0.193,0.1523,0.013,0.0023,0.0005,0.0004,
C 100-0,C,0,100,0,1.89,0,D,,0.6386,0.193,0.1523,0.013,0.0023,0.0005,0.0004,
C 100-0,C,0,100,0,1.89,5,A,52.8,0.6386,0.193,0.1523,0.013,0.0023,0.0005,0.0004,
C 100-0,C,0,100,0,1.89,5,D,,0.6386,0.193,0.1523,0.013,0.0023,0.0005,0.0004,
C 100-0,C,0,100,0,1.89,5,D,,0.6386,0.193,0.1523,0.013,0.0023,0.0005,0.0004,
C 100-0,C,0,100,0,1.89,10,D,,0.6386,0.193,0.1523,0.013,0.0023,0.0005,0.0004,
C 100-0,C,0,100,0,1.89,15,Z,,0.6386,0.193,0.1523,0.013,0.0023,0.0005,0.0004,
C 110-1,C,0,110,1,1.7,0,Z,,0.4165,0.19,0.2701,0.0921,0.0296,0.001,0.0006,
C 110-1,C,0,110,1,1.7,5,Z,,0.4165,0.19,0.2701,0.0921,0.0296,0.001,0.0006,
C 110-1,C,0,110,1,1.7,10,Z,,0.4165,0.19,0.2701,0.0921,0.0296,0.001,0.0006,
C 110-1,C,0,110,1,1.7,15,Z,,0.4165,0.19,0.2701,0.0921,0.0296,0.001,0.0006,
C 90-2,C,0,90,2,1.95,0,D,,0.6556,0.1552,0.1567,0.0259,0.0057,0.0007,0.0002,
C 90-2,C,0,90,2,1.95,5,Z,,0.6556,0.1552,0.1567,0.0259,0.0057,0.0007,0.0002,
C 90-2,C,0,90,2,1.95,10,Z,,0.6556,0.1552,0.1567,0.0259,0.0057,0.0007,0.0002,
C 90-2,C,0,90,2,1.95,15,Z,,0.6556,0.1552,0.1567,0.0259,0.0057,0.0007,0.0002,