"","UniqueID","StreamSide","StreamDistance","Elevation","DepthBin","Mortality","Sizemm","normGravel","normSand","normSilt","PC1","gravel","DownStreamTotal","APresence","DPresence"
"1","S2 110-2","S",2,1.76,15,"A",24.63,0.0884637830395658,-0.164238708442739,0.275748799069172,-0.419903088335641,0.7904,112,1,0
"2","S5 130-0","S",5,1.63,15,"A",64.79,-0.104184187463599,0.342371542152688,0.745752428314907,1.96730208656077,0.6519,130,1,0
"3","S5 120-6","S",5,1.53,5,"A",61.79,0.040255433388905,-0.000167447150762431,0.052605247754962,0.577497507970797,0.7532,126,1,0
"4","S2 130-9","S",2,1.5,5,"A",59.14,0.0413170046138636,-0.00463990835669605,0.458070355863126,0.798312586850766,0.754,139,1,0
"5","S10 140-6","S",10,1.42,15,"A",56.21,-0.0824854376345131,0.299110419462402,1.30536821625033,2.04780033277511,0.6662,146,1,0
"6","S2 120-4","S",2,1.57,10,"A",54.53,NA,NA,NA,NA,NA,124,1,0
"7","S2 120-4","S",2,1.57,15,"A",53.33,NA,NA,NA,NA,NA,124,1,0
"8","C 100-0","C",0,1.89,5,"A",52.8,0.139276192589765,-0.382970400218937,0.052605247754962,-2.05552797292785,0.8316,100,1,0
"9","N10 50-3","N",10,2.65,0,"A",52.35,-0.352413510406073,0.688099691190882,0.745752428314907,3.65229579822368,0.5086,53,1,0
"10","S2 70-5","S",2,2.49,10,"A",51.59,0.0415822214301644,-0.00382524436051961,-0.235076824696819,0.438740823655617,0.7542,75,1,0
"11","S5 80-0","S",5,2.41,15,"A",50.83,0.045023654343576,-0.0148796046253803,-0.640541932804983,-0.705075298335113,0.7568,80,1,0
"12","S5 80-0","S",5,2.41,0,"A",50.73,0.045023654343576,-0.0148796046253803,-0.640541932804983,-0.705075298335113,0.7568,80,1,0
"13","N10 50-3","N",10,2.65,10,"A",50.06,-0.352413510406073,0.688099691190882,0.745752428314907,3.65229579822368,0.5086,53,1,0
"14","N10 100-7","N",10,1.79,10,"A",49.95,NA,NA,NA,NA,NA,107,1,0
"15","S10 100-5","S",10,1.96,10,"A",49.64,0.116286674365067,-0.27695572617199,0.275748799069172,-0.503019531818669,0.8127,105,1,0
"16","S5 90-0","S",5,2.26,5,"A",49.57,0.0458161520736022,-0.0165277302559692,-1.33368911336493,-1.13801628031234,0.7574,90,1,0
"17","S10 80-7","S",10,2.3,5,"A",49.1,0.0716223541091927,-0.102602339027212,-0.640541932804983,-0.93582700115789,0.7772,87,1,0
"18","N5 90-3","N",5,2.14,10,"A",48.64,0.174483609225918,-0.578827529299938,0.052605247754962,-2.91947664030391,0.8614,93,1,0
"19","N5 130-2","N",5,1.42,15,"A",48.63,-0.0229032647838973,0.171960341453649,-1.33368911336493,0.204432341904567,0.7071,132,1,0
"20","S2 130-9","S",2,1.5,5,"A",47.75,0.0413170046138636,-0.00463990835669605,0.458070355863126,0.798312586850766,0.754,139,1,0
"21","S10 100-5","S",10,1.96,15,"A",47.49,0.116286674365067,-0.27695572617199,0.275748799069172,-0.503019531818669,0.8127,105,1,0
"22","N10 50-3","N",10,2.65,0,"A",47.28,-0.352413510406073,0.688099691190882,0.745752428314907,3.65229579822368,0.5086,53,1,0
"23","S 2 140-2","S",2,1.42,5,"A",47.14,NA,NA,NA,NA,NA,142,1,0
"24","N10 120-0","N",10,1.57,5,"A",46.74,0.0275623643151622,0.0341261845142585,1.15121753642307,1.0625024453634,0.7437,120,1,0
"25","S10 80-7","S",10,2.3,5,"A",46.66,0.0716223541091927,-0.102602339027212,-0.640541932804983,-0.93582700115789,0.7772,87,1,0
"26","S10 80-7","S",10,2.3,5,"A",46.64,0.0716223541091927,-0.102602339027212,-0.640541932804983,-0.93582700115789,0.7772,87,1,0
"27","S10 80-7","S",10,2.3,15,"A",46.35,0.0716223541091927,-0.102602339027212,-0.640541932804983,-0.93582700115789,0.7772,87,1,0
"28","S5 130-0","S",5,1.63,10,"A",45.87,-0.104184187463599,0.342371542152688,0.745752428314907,1.96730208656077,0.6519,130,1,0
"29","S10 60-5","S",10,2.63,15,"A",45.81,-0.044778466891024,0.221595841694489,0.275748799069172,1.00228662716535,0.6918,65,1,0
"30","N10 50-3","N",10,2.65,0,"A",45.75,-0.352413510406073,0.688099691190882,0.745752428314907,3.65229579822368,0.5086,53,1,0
"31","S10 80-7","S",10,2.3,5,"A",45.56,0.0716223541091927,-0.102602339027212,-0.640541932804983,-0.93582700115789,0.7772,87,1,0
"32","S5 90-0","S",5,2.26,5,"A",45.11,0.0458161520736022,-0.0165277302559692,-1.33368911336493,-1.13801628031234,0.7574,90,1,0
"33","S5 80-0","S",5,2.41,15,"A",44.71,0.045023654343576,-0.0148796046253803,-0.640541932804983,-0.705075298335113,0.7568,80,1,0
"34","S10 70-7","S",10,2.35,10,"A",44.64,-0.245834704526625,0.565284652170798,-0.640541932804983,1.58800306435711,0.5658,77,1,0
"35","S10 70-7","S",10,2.35,5,"A",44.62,-0.245834704526625,0.565284652170798,-0.640541932804983,1.58800306435711,0.5658,77,1,0
"36","S5 90-0","S",5,2.26,15,"A",44.49,0.0458161520736022,-0.0165277302559692,-1.33368911336493,-1.13801628031234,0.7574,90,1,0
"37","S5 90-0","S",5,2.26,15,"A",44.24,0.0458161520736022,-0.0165277302559692,-1.33368911336493,-1.13801628031234,0.7574,90,1,0
"38","S10 80-7","S",10,2.3,0,"A",43.76,0.0716223541091927,-0.102602339027212,-0.640541932804983,-0.93582700115789,0.7772,87,1,0
"39","S10 100-5","S",10,1.96,15,"A",43.69,0.116286674365067,-0.27695572617199,0.275748799069172,-0.503019531818669,0.8127,105,1,0
"40","N10 50-3","N",10,2.65,5,"A",43.4,-0.352413510406073,0.688099691190882,0.745752428314907,3.65229579822368,0.5086,53,1,0
"41","S2 80-7","S",2,2.13,5,"A",43.17,-0.189481767975494,0.482684324572822,1.66204316018906,3.21079254261221,0.5986,87,1,0
"42","N10 50-3","N",10,2.65,0,"A",43.03,-0.352413510406073,0.688099691190882,0.745752428314907,3.65229579822368,0.5086,53,1,0
"43","N10 120-0","N",10,1.57,5,"A",42.91,0.0275623643151622,0.0341261845142585,1.15121753642307,1.0625024453634,0.7437,120,1,0
"44","N5 130-2","N",5,1.42,15,"A",42.91,-0.0229032647838973,0.171960341453649,-1.33368911336493,0.204432341904567,0.7071,132,1,0
"45","S10 100-5","S",10,1.96,10,"A",42.78,0.116286674365067,-0.27695572617199,0.275748799069172,-0.503019531818669,0.8127,105,1,0
"46","S10 80-7","S",10,2.3,5,"A",42.67,0.0716223541091927,-0.102602339027212,-0.640541932804983,-0.93582700115789,0.7772,87,1,0
"47","N10 50-3","N",10,2.65,5,"A",42.61,-0.352413510406073,0.688099691190882,0.745752428314907,3.65229579822368,0.5086,53,1,0
"48","S10 70-7","S",10,2.35,10,"A",42.31,-0.245834704526625,0.565284652170798,-0.640541932804983,1.58800306435711,0.5658,77,1,0
"49","N10 50-3","N",10,2.65,5,"A",41.98,-0.352413510406073,0.688099691190882,0.745752428314907,3.65229579822368,0.5086,53,1,0
"50","S10 110-4","S",10,1.81,15,"A",41.86,-0.00496304991883516,0.125115006189355,0.458070355863126,1.19739323263789,0.7199,114,1,0
"51","S5 90-0","S",5,2.26,15,"A",41.63,0.0458161520736022,-0.0165277302559692,-1.33368911336493,-1.13801628031234,0.7574,90,1,0
"52","S10 70-7","S",10,2.35,5,"A",41.62,-0.245834704526625,0.565284652170798,-0.640541932804983,1.58800306435711,0.5658,77,1,0
"53","N10 50-3","N",10,2.65,0,"A",41.2,-0.352413510406073,0.688099691190882,0.745752428314907,3.65229579822368,0.5086,53,1,0
"54","S5 90-0","S",5,2.26,0,"A",40.76,0.0458161520736022,-0.0165277302559692,-1.33368911336493,-1.13801628031234,0.7574,90,1,0
"55","S10 70-7","S",10,2.35,10,"A",40.66,-0.245834704526625,0.565284652170798,-0.640541932804983,1.58800306435711,0.5658,77,1,0
"56","S2 70-5","S",2,2.49,5,"A",40.18,0.0415822214301644,-0.00382524436051961,-0.235076824696819,0.438740823655617,0.7542,75,1,0
"57","S10 80-7","S",10,2.3,5,"A",40.04,0.0716223541091927,-0.102602339027212,-0.640541932804983,-0.93582700115789,0.7772,87,1,0
"58","N10 80-5","N",10,2.1,5,"A",39.99,-0.108026503725347,0.351831265841138,-1.33368911336493,-0.155573608081785,0.6494,85,1,0
"59","S10 80-7","S",10,2.3,5,"A",39.49,0.0716223541091927,-0.102602339027212,-0.640541932804983,-0.93582700115789,0.7772,87,1,0
"60","S10 70-7","S",10,2.35,10,"A",38.82,-0.245834704526625,0.565284652170798,-0.640541932804983,1.58800306435711,0.5658,77,1,0
"61","N10 50-3","N",10,2.65,5,"A",38.49,-0.352413510406073,0.688099691190882,0.745752428314907,3.65229579822368,0.5086,53,1,0
"62","S5 110-0","S",5,1.98,10,"A",38.38,-0.179177538528769,0.466534591794307,1.71083332435849,3.57532407996306,0.6048,110,1,0
"63","N5 50-4","N",5,2.77,5,"A",38.12,-0.100662248289809,0.335725079309288,0.745752428314907,1.76842964400047,0.6542,54,1,0
"64","N10 50-3","N",10,2.65,0,"A",37.8,-0.352413510406073,0.688099691190882,0.745752428314907,3.65229579822368,0.5086,53,1,0
"65","N10 40-6","N",10,2.94,5,"A",37.8,0.121441324953731,-0.298589885236687,-0.640541932804983,-1.47207115196788,0.8169,46,1,0
"66","N5 50-4","N",5,2.77,10,"A",37.33,-0.100662248289809,0.335725079309288,0.745752428314907,1.76842964400047,0.6542,54,1,0
"67","S10 60-5","S",10,2.63,15,"A",37.12,-0.044778466891024,0.221595841694489,0.275748799069172,1.00228662716535,0.6918,65,1,0
"68","S5 80-0","S",5,2.41,10,"A",37.06,0.045023654343576,-0.0148796046253803,-0.640541932804983,-0.705075298335113,0.7568,80,1,0
"69","N10 50-3","N",10,2.65,5,"A",37.05,-0.352413510406073,0.688099691190882,0.745752428314907,3.65229579822368,0.5086,53,1,0
"70","S10 80-7","S",10,2.3,5,"A",37.02,0.0716223541091927,-0.102602339027212,-0.640541932804983,-0.93582700115789,0.7772,87,1,0
"71","N5 80-1","N",5,2.33,10,"A",35.8,NA,NA,NA,NA,NA,81,1,0
"72","N5 50-4","N",5,2.77,15,"A",35.22,-0.100662248289809,0.335725079309288,0.745752428314907,1.76842964400047,0.6542,54,1,0
"73","N10 40-6","N",10,2.94,5,"A",34.85,0.121441324953731,-0.298589885236687,-0.640541932804983,-1.47207115196788,0.8169,46,1,0
"74","N10 100-7","N",10,1.79,5,"A",34.82,NA,NA,NA,NA,NA,107,1,0
"75","S10 80-7","S",10,2.3,5,"A",34.8,0.0716223541091927,-0.102602339027212,-0.640541932804983,-0.93582700115789,0.7772,87,1,0
"76","S2 70-5","S",2,2.49,5,"A",34.75,0.0415822214301644,-0.00382524436051961,-0.235076824696819,0.438740823655617,0.7542,75,1,0
"77","N10 50-3","N",10,2.65,10,"A",34.59,-0.352413510406073,0.688099691190882,0.745752428314907,3.65229579822368,0.5086,53,1,0
"78","N5 50-4","N",5,2.77,15,"A",34.59,-0.100662248289809,0.335725079309288,0.745752428314907,1.76842964400047,0.6542,54,1,0
"79","S5 80-0","S",5,2.41,5,"A",34.59,0.045023654343576,-0.0148796046253803,-0.640541932804983,-0.705075298335113,0.7568,80,1,0
"80","S2 90-9","S",2,2.01,10,"A",34.52,0.155852804944543,-0.469278979504278,-0.235076824696819,-1.32369065476558,0.8455,99,1,0
"81","N2 90-0","N",2,2.13,10,"A",34.52,0.15986603034983,-0.490912074859704,-0.640541932804983,-2.04792250831147,0.8489,90,1,0
"82","N5 50-4","N",5,2.77,10,"A",34.42,-0.100662248289809,0.335725079309288,0.745752428314907,1.76842964400047,0.6542,54,1,0
"83","S5 80-0","S",5,2.41,5,"A",34.34,0.045023654343576,-0.0148796046253803,-0.640541932804983,-0.705075298335113,0.7568,80,1,0
"84","N10 50-3","N",10,2.65,5,"A",34.23,-0.352413510406073,0.688099691190882,0.745752428314907,3.65229579822368,0.5086,53,1,0
"85","N5 50-4","N",5,2.77,15,"A",34.09,-0.100662248289809,0.335725079309288,0.745752428314907,1.76842964400047,0.6542,54,1,0
"86","N10 50-3","N",10,2.65,15,"A",33.56,-0.352413510406073,0.688099691190882,0.745752428314907,3.65229579822368,0.5086,53,1,0
"87","S10 80-7","S",10,2.3,0,"A",33.54,0.0716223541091927,-0.102602339027212,-0.640541932804983,-0.93582700115789,0.7772,87,1,0
"88","S10 50-7","S",10,2.82,10,"A",33.43,-0.766666628663032,0.985770438402333,2.16281844810155,5.7498060467405,0.3361,57,1,0
"89","N5 50-4","N",5,2.77,10,"A",33.25,-0.100662248289809,0.335725079309288,0.745752428314907,1.76842964400047,0.6542,54,1,0
"90","N10 50-3","N",10,2.65,15,"A",33.14,-0.352413510406073,0.688099691190882,0.745752428314907,3.65229579822368,0.5086,53,1,0
"91","N5 40-2","N",5,3.18,15,"A",33.1,0.193343413860041,-0.736844816167842,2.40398050491844,-1.41006578516501,0.8778,42,1,0
"92","S2 60-9","S",2,2.59,15,"A",32.76,-0.00649220848468834,0.131181037278979,-1.33368911336493,-0.415845315859426,0.7188,69,1,0
"93","S5 80-0","S",5,2.41,0,"A",32.67,0.045023654343576,-0.0148796046253803,-0.640541932804983,-0.705075298335113,0.7568,80,1,0
"94","S10 80-7","S",10,2.3,5,"A",32.49,0.0716223541091927,-0.102602339027212,-0.640541932804983,-0.93582700115789,0.7772,87,1,0
"95","S10 80-7","S",10,2.3,0,"A",32.36,0.0716223541091927,-0.102602339027212,-0.640541932804983,-0.93582700115789,0.7772,87,1,0
"96","S2 70-5","S",2,2.49,15,"A",32.31,0.0415822214301644,-0.00382524436051961,-0.235076824696819,0.438740823655617,0.7542,75,1,0
"97","N5 50-4","N",5,2.77,5,"A",32.16,-0.100662248289809,0.335725079309288,0.745752428314907,1.76842964400047,0.6542,54,1,0
"98","N5 50-4","N",5,2.77,5,"A",32,-0.100662248289809,0.335725079309288,0.745752428314907,1.76842964400047,0.6542,54,1,0
"99","N10 50-3","N",10,2.65,5,"A",31.78,-0.352413510406073,0.688099691190882,0.745752428314907,3.65229579822368,0.5086,53,1,0
"100","N10 50-3","N",10,2.65,15,"A",31.71,-0.352413510406073,0.688099691190882,0.745752428314907,3.65229579822368,0.5086,53,1,0
"101","N5 50-4","N",5,2.77,5,"A",31.54,-0.100662248289809,0.335725079309288,0.745752428314907,1.76842964400047,0.6542,54,1,0
"102","S10 80-7","S",10,2.3,0,"A",31.36,0.0716223541091927,-0.102602339027212,-0.640541932804983,-0.93582700115789,0.7772,87,1,0
"103","S10 80-7","S",10,2.3,5,"A",31.16,0.0716223541091927,-0.102602339027212,-0.640541932804983,-0.93582700115789,0.7772,87,1,0
"104","N10 50-3","N",10,2.65,5,"A",30.82,-0.352413510406073,0.688099691190882,0.745752428314907,3.65229579822368,0.5086,53,1,0
"105","N10 50-3","N",10,2.65,15,"A",30.65,-0.352413510406073,0.688099691190882,0.745752428314907,3.65229579822368,0.5086,53,1,0
"106","S5 80-0","S",5,2.41,10,"A",30.65,0.045023654343576,-0.0148796046253803,-0.640541932804983,-0.705075298335113,0.7568,80,1,0
"107","S5 80-0","S",5,2.41,0,"A",30.42,0.045023654343576,-0.0148796046253803,-0.640541932804983,-0.705075298335113,0.7568,80,1,0
"108","N10 40-6","N",10,2.94,5,"A",30.27,0.121441324953731,-0.298589885236687,-0.640541932804983,-1.47207115196788,0.8169,46,1,0
"109","S2 130-9","S",2,1.5,0,"A",29.76,0.0413170046138636,-0.00463990835669605,0.458070355863126,0.798312586850766,0.754,139,1,0
"110","S5 40-6","S",5,3.08,10,"A",29.55,0.0267552617693314,0.0388191927365184,0.458070355863126,0.22674295750356,0.7431,46,1,0
"111","S10 80-7","S",10,2.3,5,"A",29.5,0.0716223541091927,-0.102602339027212,-0.640541932804983,-0.93582700115789,0.7772,87,1,0
"112","S10 80-7","S",10,2.3,15,"A",29.5,0.0716223541091927,-0.102602339027212,-0.640541932804983,-0.93582700115789,0.7772,87,1,0
"113","N10 50-3","N",10,2.65,5,"A",29.48,-0.352413510406073,0.688099691190882,0.745752428314907,3.65229579822368,0.5086,53,1,0
"114","N10 50-3","N",10,2.65,5,"A",29.35,-0.352413510406073,0.688099691190882,0.745752428314907,3.65229579822368,0.5086,53,1,0
"115","S10 70-7","S",10,2.35,15,"A",29.18,-0.245834704526625,0.565284652170798,-0.640541932804983,1.58800306435711,0.5658,77,1,0
"116","S5 70-0","S",5,2.64,10,"A",27.5,0.126447746058336,-0.321261577894093,-0.235076824696819,-2.38372523272129,0.821,70,1,0
"117","N5 50-4","N",5,2.77,15,"A",27.44,-0.100662248289809,0.335725079309288,0.745752428314907,1.76842964400047,0.6542,54,1,0
"118","N10 90-5","N",10,1.78,5,"A",27.44,0.0603651995845582,-0.0672785781968039,1.06420615943344,-0.159998854402196,0.7685,95,1,0
"119","S10 80-7","S",10,2.3,5,"A",27.17,0.0716223541091927,-0.102602339027212,-0.640541932804983,-0.93582700115789,0.7772,87,1,0
"120","N10 50-3","N",10,2.65,5,"A",27.12,-0.352413510406073,0.688099691190882,0.745752428314907,3.65229579822368,0.5086,53,1,0
"121","N5 90-3","N",5,2.14,10,"A",26.71,0.174483609225918,-0.578827529299938,0.052605247754962,-2.91947664030391,0.8614,93,1,0
"122","N10 50-3","N",10,2.65,10,"A",26.25,-0.352413510406073,0.688099691190882,0.745752428314907,3.65229579822368,0.5086,53,1,0
"123","N10 40-6","N",10,2.94,5,"A",26.13,0.121441324953731,-0.298589885236687,-0.640541932804983,-1.47207115196788,0.8169,46,1,0
"124","N10 50-3","N",10,2.65,0,"A",26.1,-0.352413510406073,0.688099691190882,0.745752428314907,3.65229579822368,0.5086,53,1,0
"125","N10 50-3","N",10,2.65,15,"A",25.93,-0.352413510406073,0.688099691190882,0.745752428314907,3.65229579822368,0.5086,53,1,0
"126","S5 90-0","S",5,2.26,15,"A",25.57,0.0458161520736022,-0.0165277302559692,-1.33368911336493,-1.13801628031234,0.7574,90,1,0
"127","S5 40-6","S",5,3.08,10,"A",24.65,0.0267552617693314,0.0388191927365184,0.458070355863126,0.22674295750356,0.7431,46,1,0
"128","N10 40-6","N",10,2.94,10,"A",23.96,0.121441324953731,-0.298589885236687,-0.640541932804983,-1.47207115196788,0.8169,46,1,0
"129","S5 80-0","S",5,2.41,0,"A",23.18,0.045023654343576,-0.0148796046253803,-0.640541932804983,-0.705075298335113,0.7568,80,1,0
"130","N10 90-5","N",10,1.78,5,"A",19.51,0.0603651995845582,-0.0672785781968039,1.06420615943344,-0.159998854402196,0.7685,95,1,0
"131","S5 110-0","S",5,1.98,10,"A",19.22,-0.179177538528769,0.466534591794307,1.71083332435849,3.57532407996306,0.6048,110,1,0
"132","N10 90-5","N",10,1.78,0,"A",17.84,0.0603651995845582,-0.0672785781968039,1.06420615943344,-0.159998854402196,0.7685,95,1,0
"133","N10 90-5","N",10,1.78,5,"A",17.59,0.0603651995845582,-0.0672785781968039,1.06420615943344,-0.159998854402196,0.7685,95,1,0
"134","N10 90-5","N",10,1.78,0,"A",16.91,0.0603651995845582,-0.0672785781968039,1.06420615943344,-0.159998854402196,0.7685,95,1,0
"135","S2 110-2","S",2,1.76,15,"A",15.65,0.0884637830395658,-0.164238708442739,0.275748799069172,-0.419903088335641,0.7904,112,1,0
"136","N10 90-5","N",10,1.78,10,"A",15.46,0.0603651995845582,-0.0672785781968039,1.06420615943344,-0.159998854402196,0.7685,95,1,0
"137","N10 90-5","N",10,1.78,0,"A",14.42,0.0603651995845582,-0.0672785781968039,1.06420615943344,-0.159998854402196,0.7685,95,1,0
"138","S2 100-0","S",2,1.94,10,"A",14.36,0.0483215928250959,-0.0252252379724547,-0.235076824696819,0.0657165572617544,0.7593,100,1,0
"139","N10 90-5","N",10,1.78,0,"A",13.27,0.0603651995845582,-0.0672785781968039,1.06420615943344,-0.159998854402196,0.7685,95,1,0
"140","N10 90-5","N",10,1.78,0,"A",13.22,0.0603651995845582,-0.0672785781968039,1.06420615943344,-0.159998854402196,0.7685,95,1,0
"141","N10 90-5","N",10,1.78,0,"A",12.11,0.0603651995845582,-0.0672785781968039,1.06420615943344,-0.159998854402196,0.7685,95,1,0
"142","N10 90-5","N",10,1.78,0,"A",12.01,0.0603651995845582,-0.0672785781968039,1.06420615943344,-0.159998854402196,0.7685,95,1,0
"143","N10 90-5","N",10,1.78,0,"A",11.45,0.0603651995845582,-0.0672785781968039,1.06420615943344,-0.159998854402196,0.7685,95,1,0
"144","N10 130-4","N",10,1.64,0,"Z",NA,0.140838223547202,-0.388937005032159,-0.640541932804983,-2.43980963247531,0.8329,134,0,0
"145","N10 130-4","N",10,1.64,5,"Z",NA,0.140838223547202,-0.388937005032159,-0.640541932804983,-2.43980963247531,0.8329,134,0,0
"146","N10 130-4","N",10,1.64,10,"Z",NA,0.140838223547202,-0.388937005032159,-0.640541932804983,-2.43980963247531,0.8329,134,0,0
"147","N10 130-4","N",10,1.64,15,"Z",NA,0.140838223547202,-0.388937005032159,-0.640541932804983,-2.43980963247531,0.8329,134,0,0
"148","S2 10-2","S",2,3.94,0,"Z",NA,0.0411843698235639,-0.00382524436051961,0.275748799069172,-0.203205915686158,0.7539,12,0,0
"149","S2 10-2","S",2,3.94,5,"D",NA,0.0411843698235639,-0.00382524436051961,0.275748799069172,-0.203205915686158,0.7539,12,0,1
"150","S2 10-2","S",2,3.94,10,"D",NA,0.0411843698235639,-0.00382524436051961,0.275748799069172,-0.203205915686158,0.7539,12,0,1
"151","S2 10-2","S",2,3.94,10,"D",NA,0.0411843698235639,-0.00382524436051961,0.275748799069172,-0.203205915686158,0.7539,12,0,1
"152","S2 10-2","S",2,3.94,10,"D",NA,0.0411843698235639,-0.00382524436051961,0.275748799069172,-0.203205915686158,0.7539,12,0,1
"153","S2 10-2","S",2,3.94,10,"D",NA,0.0411843698235639,-0.00382524436051961,0.275748799069172,-0.203205915686158,0.7539,12,0,1
"154","S2 10-2","S",2,3.94,15,"Z",NA,0.0411843698235639,-0.00382524436051961,0.275748799069172,-0.203205915686158,0.7539,12,0,0
"155","N5 120-8","N",5,1.56,0,"Z",NA,0.146942737087991,-0.421168436009116,-1.33368911336493,-1.90190445342809,0.838,128,0,0
"156","N5 120-8","N",5,1.56,5,"D",NA,0.146942737087991,-0.421168436009116,-1.33368911336493,-1.90190445342809,0.838,128,0,1
"157","N5 120-8","N",5,1.56,5,"D",NA,0.146942737087991,-0.421168436009116,-1.33368911336493,-1.90190445342809,0.838,128,0,1
"158","N5 120-8","N",5,1.56,10,"D",NA,0.146942737087991,-0.421168436009116,-1.33368911336493,-1.90190445342809,0.838,128,0,1
"159","N5 120-8","N",5,1.56,10,"D",NA,0.146942737087991,-0.421168436009116,-1.33368911336493,-1.90190445342809,0.838,128,0,1
"160","N5 120-8","N",5,1.56,15,"Z",NA,0.146942737087991,-0.421168436009116,-1.33368911336493,-1.90190445342809,0.838,128,0,0
"161","C 40-9","C",0,2.8,0,"D",NA,0.267744283257741,-1.51300521369362,-1.33368911336493,-5.28893677558363,0.9456,49,0,1
"162","C 40-9","C",0,2.8,5,"Z",NA,0.267744283257741,-1.51300521369362,-1.33368911336493,-5.28893677558363,0.9456,49,0,0
"163","C 40-9","C",0,2.8,10,"Z",NA,0.267744283257741,-1.51300521369362,-1.33368911336493,-5.28893677558363,0.9456,49,0,0
"164","C 40-9","C",0,2.8,15,"Z",NA,0.267744283257741,-1.51300521369362,-1.33368911336493,-5.28893677558363,0.9456,49,0,0
"165","S5 20-5","S",5,3.74,0,"Z",NA,-0.0108142786495405,0.138270751484347,1.15121753642307,0.634766996648482,0.7157,25,0,0
"166","S5 20-5","S",5,3.74,5,"Z",NA,-0.0108142786495405,0.138270751484347,1.15121753642307,0.634766996648482,0.7157,25,0,0
"167","S5 20-5","S",5,3.74,10,"Z",NA,-0.0108142786495405,0.138270751484347,1.15121753642307,0.634766996648482,0.7157,25,0,0
"168","S5 20-5","S",5,3.74,15,"D",NA,-0.0108142786495405,0.138270751484347,1.15121753642307,0.634766996648482,0.7157,25,0,1
"169","S10 140-6","S",10,1.42,0,"D",NA,-0.0824854376345131,0.299110419462402,1.30536821625033,2.04780033277511,0.6662,146,0,1
"170","S10 140-6","S",10,1.42,5,"D",NA,-0.0824854376345131,0.299110419462402,1.30536821625033,2.04780033277511,0.6662,146,0,1
"171","S10 140-6","S",10,1.42,5,"D",NA,-0.0824854376345131,0.299110419462402,1.30536821625033,2.04780033277511,0.6662,146,0,1
"172","S10 140-6","S",10,1.42,5,"D",NA,-0.0824854376345131,0.299110419462402,1.30536821625033,2.04780033277511,0.6662,146,0,1
"173","S10 140-6","S",10,1.42,15,"D",NA,-0.0824854376345131,0.299110419462402,1.30536821625033,2.04780033277511,0.6662,146,0,1
"174","S10 50-7","S",10,2.82,0,"D",NA,-0.766666628663032,0.985770438402333,2.16281844810155,5.7498060467405,0.3361,57,0,1
"175","S10 50-7","S",10,2.82,0,"D",NA,-0.766666628663032,0.985770438402333,2.16281844810155,5.7498060467405,0.3361,57,0,1
"176","S10 50-7","S",10,2.82,5,"D",NA,-0.766666628663032,0.985770438402333,2.16281844810155,5.7498060467405,0.3361,57,0,1
"177","S10 50-7","S",10,2.82,5,"D",NA,-0.766666628663032,0.985770438402333,2.16281844810155,5.7498060467405,0.3361,57,0,1
"178","S10 50-7","S",10,2.82,5,"D",NA,-0.766666628663032,0.985770438402333,2.16281844810155,5.7498060467405,0.3361,57,0,1
"179","S10 50-7","S",10,2.82,5,"D",NA,-0.766666628663032,0.985770438402333,2.16281844810155,5.7498060467405,0.3361,57,0,1
"180","S10 50-7","S",10,2.82,10,"D",NA,-0.766666628663032,0.985770438402333,2.16281844810155,5.7498060467405,0.3361,57,0,1
"181","S10 50-7","S",10,2.82,15,"Z",NA,-0.766666628663032,0.985770438402333,2.16281844810155,5.7498060467405,0.3361,57,0,0
"182","N5 20-9","N",5,3.93,10,"D",NA,0.000992233937448647,0.110695145661047,-0.235076824696819,-0.393591854566171,0.7242,29,0,1
"183","N10 50-3","N",10,2.65,0,"D",NA,-0.352413510406073,0.688099691190882,0.745752428314907,3.65229579822368,0.5086,53,0,1
"184","N10 50-3","N",10,2.65,5,"D",NA,-0.352413510406073,0.688099691190882,0.745752428314907,3.65229579822368,0.5086,53,0,1
"185","N10 50-3","N",10,2.65,5,"D",NA,-0.352413510406073,0.688099691190882,0.745752428314907,3.65229579822368,0.5086,53,0,1
"186","N10 50-3","N",10,2.65,5,"D",NA,-0.352413510406073,0.688099691190882,0.745752428314907,3.65229579822368,0.5086,53,0,1
"187","N10 50-3","N",10,2.65,5,"D",NA,-0.352413510406073,0.688099691190882,0.745752428314907,3.65229579822368,0.5086,53,0,1
"188","N10 50-3","N",10,2.65,5,"D",NA,-0.352413510406073,0.688099691190882,0.745752428314907,3.65229579822368,0.5086,53,0,1
"189","N10 50-3","N",10,2.65,10,"D",NA,-0.352413510406073,0.688099691190882,0.745752428314907,3.65229579822368,0.5086,53,0,1
"190","N10 50-3","N",10,2.65,10,"D",NA,-0.352413510406073,0.688099691190882,0.745752428314907,3.65229579822368,0.5086,53,0,1
"191","N10 50-3","N",10,2.65,10,"D",NA,-0.352413510406073,0.688099691190882,0.745752428314907,3.65229579822368,0.5086,53,0,1
"192","N10 50-3","N",10,2.65,10,"D",NA,-0.352413510406073,0.688099691190882,0.745752428314907,3.65229579822368,0.5086,53,0,1
"193","N10 50-3","N",10,2.65,10,"D",NA,-0.352413510406073,0.688099691190882,0.745752428314907,3.65229579822368,0.5086,53,0,1
"194","N10 50-3","N",10,2.65,10,"D",NA,-0.352413510406073,0.688099691190882,0.745752428314907,3.65229579822368,0.5086,53,0,1
"195","N10 50-3","N",10,2.65,10,"D",NA,-0.352413510406073,0.688099691190882,0.745752428314907,3.65229579822368,0.5086,53,0,1
"196","N10 50-3","N",10,2.65,10,"D",NA,-0.352413510406073,0.688099691190882,0.745752428314907,3.65229579822368,0.5086,53,0,1
"197","N10 50-3","N",10,2.65,15,"D",NA,-0.352413510406073,0.688099691190882,0.745752428314907,3.65229579822368,0.5086,53,0,1
"198","N10 50-3","N",10,2.65,15,"D",NA,-0.352413510406073,0.688099691190882,0.745752428314907,3.65229579822368,0.5086,53,0,1
"199","N10 110-5","N",10,1.46,0,"D",NA,0.18786019244551,-0.665707353306414,-0.235076824696819,-1.9243912137086,0.873,115,0,1
"200","N10 110-5","N",10,1.46,5,"Z",NA,0.18786019244551,-0.665707353306414,-0.235076824696819,-1.9243912137086,0.873,115,0,0
"201","N10 110-5","N",10,1.46,10,"Z",NA,0.18786019244551,-0.665707353306414,-0.235076824696819,-1.9243912137086,0.873,115,0,0
"202","N10 110-5","N",10,1.46,15,"Z",NA,0.18786019244551,-0.665707353306414,-0.235076824696819,-1.9243912137086,0.873,115,0,0
"203","N10 110-5","N",10,1.46,0,"D",NA,0.18786019244551,-0.665707353306414,-0.235076824696819,-1.9243912137086,0.873,115,0,1
"204","N10 110-5","N",10,1.46,5,"Z",NA,0.18786019244551,-0.665707353306414,-0.235076824696819,-1.9243912137086,0.873,115,0,0
"205","N10 110-5","N",10,1.46,10,"Z",NA,0.18786019244551,-0.665707353306414,-0.235076824696819,-1.9243912137086,0.873,115,0,0
"206","N10 110-5","N",10,1.46,15,"Z",NA,0.18786019244551,-0.665707353306414,-0.235076824696819,-1.9243912137086,0.873,115,0,0
"207","N10 80-5","N",10,2.1,0,"D",NA,-0.108026503725347,0.351831265841138,-1.33368911336493,-0.155573608081785,0.6494,85,0,1
"208","N10 80-5","N",10,2.1,5,"D",NA,-0.108026503725347,0.351831265841138,-1.33368911336493,-0.155573608081785,0.6494,85,0,1
"209","N10 80-5","N",10,2.1,10,"D",NA,-0.108026503725347,0.351831265841138,-1.33368911336493,-0.155573608081785,0.6494,85,0,1
"210","N10 80-5","N",10,2.1,15,"Z",NA,-0.108026503725347,0.351831265841138,-1.33368911336493,-0.155573608081785,0.6494,85,0,0
"211","S2 0-5","S",2,4.14,0,"Z",NA,0.057237346128683,-0.0552042616061228,0.275748799069172,0.13502356138823,0.7661,5,0,0
"212","S2 0-5","S",2,4.14,5,"Z",NA,0.057237346128683,-0.0552042616061228,0.275748799069172,0.13502356138823,0.7661,5,0,0
"213","S2 0-5","S",2,4.14,10,"Z",NA,0.057237346128683,-0.0552042616061228,0.275748799069172,0.13502356138823,0.7661,5,0,0
"214","S2 0-5","S",2,4.14,15,"Z",NA,0.057237346128683,-0.0552042616061228,0.275748799069172,0.13502356138823,0.7661,5,0,0
"215","S10 40-4","S",10,3.22,0,"Z",NA,-0.0518866421742565,0.234511746139784,1.30536821625033,1.48994810255223,0.6869,44,0,0
"216","S10 40-4","S",10,3.22,5,"Z",NA,-0.0518866421742565,0.234511746139784,1.30536821625033,1.48994810255223,0.6869,44,0,0
"217","S10 40-4","S",10,3.22,10,"Z",NA,-0.0518866421742565,0.234511746139784,1.30536821625033,1.48994810255223,0.6869,44,0,0
"218","S10 40-4","S",10,3.22,15,"Z",NA,-0.0518866421742565,0.234511746139784,1.30536821625033,1.48994810255223,0.6869,44,0,0
"219","S2 30-7","S",2,3.24,0,"Z",NA,-0.00830241576031615,0.135086598785207,-0.640541932804983,1.117810462253,0.7175,37,0,0
"220","S2 30-7","S",2,3.24,5,"Z",NA,-0.00830241576031615,0.135086598785207,-0.640541932804983,1.117810462253,0.7175,37,0,0
"221","S2 30-7","S",2,3.24,10,"Z",NA,-0.00830241576031615,0.135086598785207,-0.640541932804983,1.117810462253,0.7175,37,0,0
"222","S2 30-7","S",2,3.24,15,"Z",NA,-0.00830241576031615,0.135086598785207,-0.640541932804983,1.117810462253,0.7175,37,0,0
"223","N2 50-0","N",2,2.77,0,"Z",NA,0.123275851243324,-0.306824902952471,-0.640541932804983,-1.16562252984988,0.8184,50,0,0
"224","N2 50-0","N",2,2.77,5,"Z",NA,0.123275851243324,-0.306824902952471,-0.640541932804983,-1.16562252984988,0.8184,50,0,0
"225","N2 50-0","N",2,2.77,10,"Z",NA,0.123275851243324,-0.306824902952471,-0.640541932804983,-1.16562252984988,0.8184,50,0,0
"226","N2 50-0","N",2,2.77,15,"Z",NA,0.123275851243324,-0.306824902952471,-0.640541932804983,-1.16562252984988,0.8184,50,0,0
"227","C 90-2","C",0,1.95,0,"D",NA,0.113946051183753,-0.265782425573865,-0.640541932804983,-1.30811497910788,0.8108,92,0,1
"228","C 90-2","C",0,1.95,0,"D",NA,0.113946051183753,-0.265782425573865,-0.640541932804983,-1.30811497910788,0.8108,92,0,1
"229","C 90-2","C",0,1.95,0,"D",NA,0.113946051183753,-0.265782425573865,-0.640541932804983,-1.30811497910788,0.8108,92,0,1
"230","C 90-2","C",0,1.95,5,"Z",NA,0.113946051183753,-0.265782425573865,-0.640541932804983,-1.30811497910788,0.8108,92,0,0
"231","C 90-2","C",0,1.95,10,"Z",NA,0.113946051183753,-0.265782425573865,-0.640541932804983,-1.30811497910788,0.8108,92,0,0
"232","C 90-2","C",0,1.95,15,"Z",NA,0.113946051183753,-0.265782425573865,-0.640541932804983,-1.30811497910788,0.8108,92,0,0
"233","N2 60-1","N",2,2.57,0,"D",NA,0.05147741398465,-0.0348386871406899,-0.235076824696819,-0.672103963060546,0.7617,61,0,1
"234","N2 60-1","N",2,2.57,5,"Z",NA,0.05147741398465,-0.0348386871406899,-0.235076824696819,-0.672103963060546,0.7617,61,0,0
"235","N2 60-1","N",2,2.57,10,"Z",NA,0.05147741398465,-0.0348386871406899,-0.235076824696819,-0.672103963060546,0.7617,61,0,0
"236","N2 60-1","N",2,2.57,15,"Z",NA,0.05147741398465,-0.0348386871406899,-0.235076824696819,-0.672103963060546,0.7617,61,0,0
"237","C 20-6","C",0,3.54,0,"Z",NA,NA,NA,NA,NA,NA,26,0,0
"238","C 20-6","C",0,3.54,5,"Z",NA,NA,NA,NA,NA,NA,26,0,0
"239","C 20-6","C",0,3.54,10,"Z",NA,NA,NA,NA,NA,NA,26,0,0
"240","C 20-6","C",0,3.54,15,"Z",NA,NA,NA,NA,NA,NA,26,0,0
"241","S5 140-3","S",5,1.25,0,"Z",NA,-0.0162783903180001,0.149859994452984,1.49952423069129,2.33826805589518,0.7118,143,0,0
"242","S5 140-3","S",5,1.25,5,"Z",NA,-0.0162783903180001,0.149859994452984,1.49952423069129,2.33826805589518,0.7118,143,0,0
"243","S5 140-3","S",5,1.25,10,"D",NA,-0.0162783903180001,0.149859994452984,1.49952423069129,2.33826805589518,0.7118,143,0,1
"244","S5 140-3","S",5,1.25,10,"D",NA,-0.0162783903180001,0.149859994452984,1.49952423069129,2.33826805589518,0.7118,143,0,1
"245","S5 140-3","S",5,1.25,10,"D",NA,-0.0162783903180001,0.149859994452984,1.49952423069129,2.33826805589518,0.7118,143,0,1
"246","S5 140-3","S",5,1.25,10,"D",NA,-0.0162783903180001,0.149859994452984,1.49952423069129,2.33826805589518,0.7118,143,0,1
"247","S5 140-3","S",5,1.25,15,"D",NA,-0.0162783903180001,0.149859994452984,1.49952423069129,2.33826805589518,0.7118,143,0,1
"248","S5 140-3","S",5,1.25,15,"D",NA,-0.0162783903180001,0.149859994452984,1.49952423069129,2.33826805589518,0.7118,143,0,1
"249","N5 50-4","N",5,2.77,0,"Z",NA,-0.100662248289809,0.335725079309288,0.745752428314907,1.76842964400047,0.6542,54,0,0
"250","N5 50-4","N",5,2.77,5,"D",NA,-0.100662248289809,0.335725079309288,0.745752428314907,1.76842964400047,0.6542,54,0,1
"251","S2 80-7","S",2,2.13,0,"Z",NA,-0.189481767975494,0.482684324572822,1.66204316018906,3.21079254261221,0.5986,87,0,0
"252","S2 80-7","S",2,2.13,10,"D",NA,-0.189481767975494,0.482684324572822,1.66204316018906,3.21079254261221,0.5986,87,0,1
"253","S2 80-7","S",2,2.13,10,"D",NA,-0.189481767975494,0.482684324572822,1.66204316018906,3.21079254261221,0.5986,87,0,1
"254","S2 80-7","S",2,2.13,15,"Z",NA,-0.189481767975494,0.482684324572822,1.66204316018906,3.21079254261221,0.5986,87,0,0
"255","N2 30-0","N",2,3.23,0,"Z",NA,0.257646944983607,-1.35334487805539,-1.33368911336493,-4.59158765104885,0.9361,30,0,0
"256","N2 30-0","N",2,3.23,5,"Z",NA,0.257646944983607,-1.35334487805539,-1.33368911336493,-4.59158765104885,0.9361,30,0,0
"257","N2 30-0","N",2,3.23,10,"Z",NA,0.257646944983607,-1.35334487805539,-1.33368911336493,-4.59158765104885,0.9361,30,0,0
"258","N2 30-0","N",2,3.23,15,"D",NA,0.257646944983607,-1.35334487805539,-1.33368911336493,-4.59158765104885,0.9361,30,0,1
"259","N2 30-0","N",2,3.23,15,"D",NA,0.257646944983607,-1.35334487805539,-1.33368911336493,-4.59158765104885,0.9361,30,0,1
"260","C 60-3","C",0,2.45,0,"D",NA,0.0535757754103323,-0.0428505368702452,0.052605247754962,-0.713552285726181,0.7633,63,0,1
"261","C 60-3","C",0,2.45,0,"D",NA,0.0535757754103323,-0.0428505368702452,0.052605247754962,-0.713552285726181,0.7633,63,0,1
"262","C 60-3","C",0,2.45,0,"D",NA,0.0535757754103323,-0.0428505368702452,0.052605247754962,-0.713552285726181,0.7633,63,0,1
"263","C 60-3","C",0,2.45,0,"D",NA,0.0535757754103323,-0.0428505368702452,0.052605247754962,-0.713552285726181,0.7633,63,0,1
"264","C 60-3","C",0,2.45,5,"D",NA,0.0535757754103323,-0.0428505368702452,0.052605247754962,-0.713552285726181,0.7633,63,0,1
"265","C 60-3","C",0,2.45,5,"D",NA,0.0535757754103323,-0.0428505368702452,0.052605247754962,-0.713552285726181,0.7633,63,0,1
"266","C 60-3","C",0,2.45,5,"D",NA,0.0535757754103323,-0.0428505368702452,0.052605247754962,-0.713552285726181,0.7633,63,0,1
"267","C 60-3","C",0,2.45,10,"D",NA,0.0535757754103323,-0.0428505368702452,0.052605247754962,-0.713552285726181,0.7633,63,0,1
"268","C 60-3","C",0,2.45,15,"Z",NA,0.0535757754103323,-0.0428505368702452,0.052605247754962,-0.713552285726181,0.7633,63,0,0
"269","N5 80-1","N",5,2.33,0,"Z",NA,NA,NA,NA,NA,NA,81,0,0
"270","N5 80-1","N",5,2.33,5,"Z",NA,NA,NA,NA,NA,NA,81,0,0
"271","N5 80-1","N",5,2.33,15,"Z",NA,NA,NA,NA,NA,NA,81,0,0
"272","S10 130-9","S",10,1.86,0,"D",NA,-0.0342815698761528,0.192914132757179,1.66204316018906,2.03232416734516,0.6991,139,0,1
"273","S10 130-9","S",10,1.86,0,"D",NA,-0.0342815698761528,0.192914132757179,1.66204316018906,2.03232416734516,0.6991,139,0,1
"274","S10 130-9","S",10,1.86,5,"Z",NA,-0.0342815698761528,0.192914132757179,1.66204316018906,2.03232416734516,0.6991,139,0,0
"275","S10 130-9","S",10,1.86,10,"Z",NA,-0.0342815698761528,0.192914132757179,1.66204316018906,2.03232416734516,0.6991,139,0,0
"276","S10 130-9","S",10,1.86,15,"Z",NA,-0.0342815698761528,0.192914132757179,1.66204316018906,2.03232416734516,0.6991,139,0,0
"277","S5 70-0","S",5,2.64,0,"Z",NA,0.126447746058336,-0.321261577894093,-0.235076824696819,-2.38372523272129,0.821,70,0,0
"278","S5 70-0","S",5,2.64,15,"Z",NA,0.126447746058336,-0.321261577894093,-0.235076824696819,-2.38372523272129,0.821,70,0,0
"279","S5 70-0","S",5,2.64,0,"Z",NA,0.126447746058336,-0.321261577894093,-0.235076824696819,-2.38372523272129,0.821,70,0,0
"280","S5 70-0","S",5,2.64,5,"D",NA,0.126447746058336,-0.321261577894093,-0.235076824696819,-2.38372523272129,0.821,70,0,1
"281","S5 70-0","S",5,2.64,10,"D",NA,0.126447746058336,-0.321261577894093,-0.235076824696819,-2.38372523272129,0.821,70,0,1
"282","S5 70-0","S",5,2.64,10,"D",NA,0.126447746058336,-0.321261577894093,-0.235076824696819,-2.38372523272129,0.821,70,0,1
"283","S5 70-0","S",5,2.64,10,"D",NA,0.126447746058336,-0.321261577894093,-0.235076824696819,-2.38372523272129,0.821,70,0,1
"284","S5 70-0","S",5,2.64,10,"D",NA,0.126447746058336,-0.321261577894093,-0.235076824696819,-2.38372523272129,0.821,70,0,1
"285","S5 70-0","S",5,2.64,15,"Z",NA,0.126447746058336,-0.321261577894093,-0.235076824696819,-2.38372523272129,0.821,70,0,0
"286","S2 60-9","S",2,2.59,0,"D",NA,-0.00649220848468834,0.131181037278979,-1.33368911336493,-0.415845315859426,0.7188,69,0,1
"287","S2 60-9","S",2,2.59,0,"D",NA,-0.00649220848468834,0.131181037278979,-1.33368911336493,-0.415845315859426,0.7188,69,0,1
"288","S2 60-9","S",2,2.59,5,"Z",NA,-0.00649220848468834,0.131181037278979,-1.33368911336493,-0.415845315859426,0.7188,69,0,0
"289","S2 60-9","S",2,2.59,10,"Z",NA,-0.00649220848468834,0.131181037278979,-1.33368911336493,-0.415845315859426,0.7188,69,0,0
"290","S5 30-5","S",5,3.37,0,"Z",NA,0.0499007483052551,-0.0310658887019964,0.275748799069172,-0.121782489038967,0.7605,35,0,0
"291","S5 30-5","S",5,3.37,5,"Z",NA,0.0499007483052551,-0.0310658887019964,0.275748799069172,-0.121782489038967,0.7605,35,0,0
"292","S5 30-5","S",5,3.37,10,"D",NA,0.0499007483052551,-0.0310658887019964,0.275748799069172,-0.121782489038967,0.7605,35,0,1
"293","S5 30-5","S",5,3.37,15,"Z",NA,0.0499007483052551,-0.0310658887019964,0.275748799069172,-0.121782489038967,0.7605,35,0,0
"294","S5 60-0","S",5,2.8,0,"D",NA,0.0479264140015377,-0.0252252379724546,0.612221035690385,0.0964558308029753,0.759,60,0,1
"295","S5 60-0","S",5,2.8,0,"Z",NA,0.0479264140015377,-0.0252252379724546,0.612221035690385,0.0964558308029753,0.759,60,0,0
"296","S5 60-0","S",5,2.8,5,"Z",NA,0.0479264140015377,-0.0252252379724546,0.612221035690385,0.0964558308029753,0.759,60,0,0
"297","S5 60-0","S",5,2.8,10,"D",NA,0.0479264140015377,-0.0252252379724546,0.612221035690385,0.0964558308029753,0.759,60,0,1
"298","S5 60-0","S",5,2.8,10,"D",NA,0.0479264140015377,-0.0252252379724546,0.612221035690385,0.0964558308029753,0.759,60,0,1
"299","S5 60-0","S",5,2.8,15,"Z",NA,0.0479264140015377,-0.0252252379724546,0.612221035690385,0.0964558308029753,0.759,60,0,0
"300","S2 90-9","S",2,2.01,0,"Z",NA,0.155852804944543,-0.469278979504278,-0.235076824696819,-1.32369065476558,0.8455,99,0,0
"301","S2 90-9","S",2,2.01,5,"Z",NA,0.155852804944543,-0.469278979504278,-0.235076824696819,-1.32369065476558,0.8455,99,0,0
"302","S2 90-9","S",2,2.01,15,"Z",NA,0.155852804944543,-0.469278979504278,-0.235076824696819,-1.32369065476558,0.8455,99,0,0
"303","S2 90-9","S",2,2.01,10,"D",NA,0.155852804944543,-0.469278979504278,-0.235076824696819,-1.32369065476558,0.8455,99,0,1
"304","S2 90-9","S",2,2.01,10,"D",NA,0.155852804944543,-0.469278979504278,-0.235076824696819,-1.32369065476558,0.8455,99,0,1
"305","C 30-4","C",0,3.3,0,"D",NA,0.115178641010705,-0.270555704326523,-1.33368911336493,-2.99781439591645,0.8118,34,0,1
"306","C 30-4","C",0,3.3,0,"D",NA,0.115178641010705,-0.270555704326523,-1.33368911336493,-2.99781439591645,0.8118,34,0,1
"307","C 30-4","C",0,3.3,5,"Z",NA,0.115178641010705,-0.270555704326523,-1.33368911336493,-2.99781439591645,0.8118,34,0,0
"308","C 30-4","C",0,3.3,10,"Z",NA,0.115178641010705,-0.270555704326523,-1.33368911336493,-2.99781439591645,0.8118,34,0,0
"309","C 30-4","C",0,3.3,15,"D",NA,0.115178641010705,-0.270555704326523,-1.33368911336493,-2.99781439591645,0.8118,34,0,1
"310","C 30-4","C",0,3.3,15,"D",NA,0.115178641010705,-0.270555704326523,-1.33368911336493,-2.99781439591645,0.8118,34,0,1
"311","N2 80-6","N",2,2.17,0,"D",NA,0.00746118499407493,0.092372903535302,0.612221035690385,1.03491744543117,0.7289,86,0,1
"312","N2 80-6","N",2,2.17,0,"D",NA,0.00746118499407493,0.092372903535302,0.612221035690385,1.03491744543117,0.7289,86,0,1
"313","N2 80-6","N",2,2.17,0,"D",NA,0.00746118499407493,0.092372903535302,0.612221035690385,1.03491744543117,0.7289,86,0,1
"314","N2 80-6","N",2,2.17,0,"D",NA,0.00746118499407493,0.092372903535302,0.612221035690385,1.03491744543117,0.7289,86,0,1
"315","N2 80-6","N",2,2.17,0,"D",NA,0.00746118499407493,0.092372903535302,0.612221035690385,1.03491744543117,0.7289,86,0,1
"316","N2 80-6","N",2,2.17,0,"D",NA,0.00746118499407493,0.092372903535302,0.612221035690385,1.03491744543117,0.7289,86,0,1
"317","N2 80-6","N",2,2.17,5,"D",NA,0.00746118499407493,0.092372903535302,0.612221035690385,1.03491744543117,0.7289,86,0,1
"318","N2 80-6","N",2,2.17,10,"Z",NA,0.00746118499407493,0.092372903535302,0.612221035690385,1.03491744543117,0.7289,86,0,0
"319","N2 80-6","N",2,2.17,15,"Z",NA,0.00746118499407493,0.092372903535302,0.612221035690385,1.03491744543117,0.7289,86,0,0
"320","N2 40-0","N",2,3.09,0,"Z",NA,0.0879575820669747,-0.161851502725633,-0.235076824696819,-0.472197548982814,0.79,40,0,0
"321","N2 40-0","N",2,3.09,5,"Z",NA,0.0879575820669747,-0.161851502725633,-0.235076824696819,-0.472197548982814,0.79,40,0,0
"322","N2 40-0","N",2,3.09,10,"Z",NA,0.0879575820669747,-0.161851502725633,-0.235076824696819,-0.472197548982814,0.79,40,0,0
"323","N2 40-0","N",2,3.09,15,"Z",NA,0.0879575820669747,-0.161851502725633,-0.235076824696819,-0.472197548982814,0.79,40,0,0
"324","S2 110-2","S",2,1.76,0,"Z",NA,0.0884637830395658,-0.164238708442739,0.275748799069172,-0.419903088335641,0.7904,112,0,0
"325","S2 110-2","S",2,1.76,5,"Z",NA,0.0884637830395658,-0.164238708442739,0.275748799069172,-0.419903088335641,0.7904,112,0,0
"326","S2 110-2","S",2,1.76,10,"Z",NA,0.0884637830395658,-0.164238708442739,0.275748799069172,-0.419903088335641,0.7904,112,0,0
"327","S2 110-2","S",2,1.76,15,"D",NA,0.0884637830395658,-0.164238708442739,0.275748799069172,-0.419903088335641,0.7904,112,0,1
"328","S2 110-2","S",2,1.76,15,"D",NA,0.0884637830395658,-0.164238708442739,0.275748799069172,-0.419903088335641,0.7904,112,0,1
"329","S2 110-2","S",2,1.76,15,"D",NA,0.0884637830395658,-0.164238708442739,0.275748799069172,-0.419903088335641,0.7904,112,0,1
"330","S2 110-2","S",2,1.76,15,"D",NA,0.0884637830395658,-0.164238708442739,0.275748799069172,-0.419903088335641,0.7904,112,0,1
"331","C 50-3","C",0,2.6,0,"Z",NA,0.0531826678903647,-0.0398913294687673,-1.33368911336493,-1.2876209862141,0.763,53,0,0
"332","C 50-3","C",0,2.6,5,"Z",NA,0.0531826678903647,-0.0398913294687673,-1.33368911336493,-1.2876209862141,0.763,53,0,0
"333","C 50-3","C",0,2.6,10,"Z",NA,0.0531826678903647,-0.0398913294687673,-1.33368911336493,-1.2876209862141,0.763,53,0,0
"334","C 50-3","C",0,2.6,15,"Z",NA,0.0531826678903647,-0.0398913294687673,-1.33368911336493,-1.2876209862141,0.763,53,0,0
"335","N10 20-0","N",10,4.17,0,"Z",NA,0.122420157773839,-0.305172465231382,0.275748799069172,-0.814750027919446,0.8177,20,0,0
"336","N10 20-0","N",10,4.17,5,"Z",NA,0.122420157773839,-0.305172465231382,0.275748799069172,-0.814750027919446,0.8177,20,0,0
"337","N10 20-0","N",10,4.17,15,"Z",NA,0.122420157773839,-0.305172465231382,0.275748799069172,-0.814750027919446,0.8177,20,0,0
"338","N10 20-0","N",10,4.17,10,"D",NA,0.122420157773839,-0.305172465231382,0.275748799069172,-0.814750027919446,0.8177,20,0,1
"339","S2 40-9","S",2,3,0,"D",NA,0.0623151514536372,-0.0711907761880957,0.275748799069172,-0.52058191992948,0.77,49,0,1
"340","S2 40-9","S",2,3,0,"D",NA,0.0623151514536372,-0.0711907761880957,0.275748799069172,-0.52058191992948,0.77,49,0,1
"341","S2 40-9","S",2,3,5,"D",NA,0.0623151514536372,-0.0711907761880957,0.275748799069172,-0.52058191992948,0.77,49,0,1
"342","S2 40-9","S",2,3,5,"D",NA,0.0623151514536372,-0.0711907761880957,0.275748799069172,-0.52058191992948,0.77,49,0,1
"343","S2 40-9","S",2,3,5,"D",NA,0.0623151514536372,-0.0711907761880957,0.275748799069172,-0.52058191992948,0.77,49,0,1
"344","S2 40-9","S",2,3,5,"D",NA,0.0623151514536372,-0.0711907761880957,0.275748799069172,-0.52058191992948,0.77,49,0,1
"345","S2 40-9","S",2,3,5,"D",NA,0.0623151514536372,-0.0711907761880957,0.275748799069172,-0.52058191992948,0.77,49,0,1
"346","S2 40-9","S",2,3,5,"D",NA,0.0623151514536372,-0.0711907761880957,0.275748799069172,-0.52058191992948,0.77,49,0,1
"347","S2 40-9","S",2,3,10,"D",NA,0.0623151514536372,-0.0711907761880957,0.275748799069172,-0.52058191992948,0.77,49,0,1
"348","S2 40-9","S",2,3,10,"D",NA,0.0623151514536372,-0.0711907761880957,0.275748799069172,-0.52058191992948,0.77,49,0,1
"349","S2 40-9","S",2,3,15,"Z",NA,0.0623151514536372,-0.0711907761880957,0.275748799069172,-0.52058191992948,0.77,49,0,0
"350","N2 130-0","N",2,1.46,0,"Z",NA,0.0883372568168373,-0.163283142197071,-0.235076824696819,-0.721595930349489,0.7903,130,0,0
"351","N2 130-0","N",2,1.46,5,"Z",NA,0.0883372568168373,-0.163283142197071,-0.235076824696819,-0.721595930349489,0.7903,130,0,0
"352","N2 130-0","N",2,1.46,10,"Z",NA,0.0883372568168373,-0.163283142197071,-0.235076824696819,-0.721595930349489,0.7903,130,0,0
"353","N2 130-0","N",2,1.46,15,"Z",NA,0.0883372568168373,-0.163283142197071,-0.235076824696819,-0.721595930349489,0.7903,130,0,0
"354","S10 110-4","S",10,1.81,0,"Z",NA,-0.00496304991883516,0.125115006189355,0.458070355863126,1.19739323263789,0.7199,114,0,0
"355","S10 110-4","S",10,1.81,5,"Z",NA,-0.00496304991883516,0.125115006189355,0.458070355863126,1.19739323263789,0.7199,114,0,0
"356","S10 110-4","S",10,1.81,10,"D",NA,-0.00496304991883516,0.125115006189355,0.458070355863126,1.19739323263789,0.7199,114,0,1
"357","S10 110-4","S",10,1.81,10,"D",NA,-0.00496304991883516,0.125115006189355,0.458070355863126,1.19739323263789,0.7199,114,0,1
"358","S10 110-4","S",10,1.81,10,"D",NA,-0.00496304991883516,0.125115006189355,0.458070355863126,1.19739323263789,0.7199,114,0,1
"359","S10 110-4","S",10,1.81,10,"D",NA,-0.00496304991883516,0.125115006189355,0.458070355863126,1.19739323263789,0.7199,114,0,1
"360","S10 110-4","S",10,1.81,10,"D",NA,-0.00496304991883516,0.125115006189355,0.458070355863126,1.19739323263789,0.7199,114,0,1
"361","S10 110-4","S",10,1.81,10,"D",NA,-0.00496304991883516,0.125115006189355,0.458070355863126,1.19739323263789,0.7199,114,0,1
"362","S10 110-4","S",10,1.81,10,"D",NA,-0.00496304991883516,0.125115006189355,0.458070355863126,1.19739323263789,0.7199,114,0,1
"363","S10 110-4","S",10,1.81,10,"D",NA,-0.00496304991883516,0.125115006189355,0.458070355863126,1.19739323263789,0.7199,114,0,1
"364","S10 110-4","S",10,1.81,10,"D",NA,-0.00496304991883516,0.125115006189355,0.458070355863126,1.19739323263789,0.7199,114,0,1
"365","S10 110-4","S",10,1.81,15,"D",NA,-0.00496304991883516,0.125115006189355,0.458070355863126,1.19739323263789,0.7199,114,0,1
"366","S10 110-4","S",10,1.81,15,"D",NA,-0.00496304991883516,0.125115006189355,0.458070355863126,1.19739323263789,0.7199,114,0,1
"367","C 110-1","C",0,1.7,0,"Z",NA,-0.176370635009987,0.465771135846804,0.458070355863126,2.17137903595873,0.6065,111,0,0
"368","C 110-1","C",0,1.7,5,"Z",NA,-0.176370635009987,0.465771135846804,0.458070355863126,2.17137903595873,0.6065,111,0,0
"369","C 110-1","C",0,1.7,10,"Z",NA,-0.176370635009987,0.465771135846804,0.458070355863126,2.17137903595873,0.6065,111,0,0
"370","C 110-1","C",0,1.7,15,"Z",NA,-0.176370635009987,0.465771135846804,0.458070355863126,2.17137903595873,0.6065,111,0,0
"371","N5 60-5","N",5,2.46,0,"Z",NA,0.0865642067069516,-0.155671307157441,-1.33368911336493,-1.42844225504939,0.7889,65,0,0
"372","N5 60-5","N",5,2.46,5,"Z",NA,0.0865642067069516,-0.155671307157441,-1.33368911336493,-1.42844225504939,0.7889,65,0,0
"373","N5 60-5","N",5,2.46,10,"Z",NA,0.0865642067069516,-0.155671307157441,-1.33368911336493,-1.42844225504939,0.7889,65,0,0
"374","N5 60-5","N",5,2.46,15,"Z",NA,0.0865642067069516,-0.155671307157441,-1.33368911336493,-1.42844225504939,0.7889,65,0,0
"375","S2 70-5","S",2,2.49,0,"Z",NA,0.0415822214301644,-0.00382524436051961,-0.235076824696819,0.438740823655617,0.7542,75,0,0
"376","C 100-0","C",0,1.89,0,"D",NA,0.139276192589765,-0.382970400218937,0.052605247754962,-2.05552797292785,0.8316,100,0,1
"377","C 100-0","C",0,1.89,0,"D",NA,0.139276192589765,-0.382970400218937,0.052605247754962,-2.05552797292785,0.8316,100,0,1
"378","C 100-0","C",0,1.89,0,"D",NA,0.139276192589765,-0.382970400218937,0.052605247754962,-2.05552797292785,0.8316,100,0,1
"379","C 100-0","C",0,1.89,0,"D",NA,0.139276192589765,-0.382970400218937,0.052605247754962,-2.05552797292785,0.8316,100,0,1
"380","C 100-0","C",0,1.89,0,"D",NA,0.139276192589765,-0.382970400218937,0.052605247754962,-2.05552797292785,0.8316,100,0,1
"381","C 100-0","C",0,1.89,0,"D",NA,0.139276192589765,-0.382970400218937,0.052605247754962,-2.05552797292785,0.8316,100,0,1
"382","C 100-0","C",0,1.89,5,"D",NA,0.139276192589765,-0.382970400218937,0.052605247754962,-2.05552797292785,0.8316,100,0,1
"383","C 100-0","C",0,1.89,5,"D",NA,0.139276192589765,-0.382970400218937,0.052605247754962,-2.05552797292785,0.8316,100,0,1
"384","C 100-0","C",0,1.89,10,"D",NA,0.139276192589765,-0.382970400218937,0.052605247754962,-2.05552797292785,0.8316,100,0,1
"385","C 100-0","C",0,1.89,15,"Z",NA,0.139276192589765,-0.382970400218937,0.052605247754962,-2.05552797292785,0.8316,100,0,0
"386","S10 100-5","S",10,1.96,0,"Z",NA,0.116286674365067,-0.27695572617199,0.275748799069172,-0.503019531818669,0.8127,105,0,0
"387","S10 100-5","S",10,1.96,5,"Z",NA,0.116286674365067,-0.27695572617199,0.275748799069172,-0.503019531818669,0.8127,105,0,0
"388","S10 100-5","S",10,1.96,10,"D",NA,0.116286674365067,-0.27695572617199,0.275748799069172,-0.503019531818669,0.8127,105,0,1
"389","S10 100-5","S",10,1.96,10,"D",NA,0.116286674365067,-0.27695572617199,0.275748799069172,-0.503019531818669,0.8127,105,0,1
"390","S10 100-5","S",10,1.96,15,"D",NA,0.116286674365067,-0.27695572617199,0.275748799069172,-0.503019531818669,0.8127,105,0,1
"391","S10 100-5","S",10,1.96,15,"D",NA,0.116286674365067,-0.27695572617199,0.275748799069172,-0.503019531818669,0.8127,105,0,1
"392","S10 100-5","S",10,1.96,15,"D",NA,0.116286674365067,-0.27695572617199,0.275748799069172,-0.503019531818669,0.8127,105,0,1
"393","S10 100-5","S",10,1.96,15,"D",NA,0.116286674365067,-0.27695572617199,0.275748799069172,-0.503019531818669,0.8127,105,0,1
"394","N2 10-4","N",2,4.19,15,"Z",NA,NA,NA,NA,NA,NA,14,0,0
"395","C 80-6","C",0,2.04,0,"D",NA,0.0136158922431333,0.0778448029723924,-1.33368911336493,-1.52689593330818,0.7334,86,0,1
"396","C 80-6","C",0,2.04,0,"D",NA,0.0136158922431333,0.0778448029723924,-1.33368911336493,-1.52689593330818,0.7334,86,0,1
"397","C 80-6","C",0,2.04,0,"D",NA,0.0136158922431333,0.0778448029723924,-1.33368911336493,-1.52689593330818,0.7334,86,0,1
"398","C 80-6","C",0,2.04,0,"D",NA,0.0136158922431333,0.0778448029723924,-1.33368911336493,-1.52689593330818,0.7334,86,0,1
"399","C 80-6","C",0,2.04,0,"D",NA,0.0136158922431333,0.0778448029723924,-1.33368911336493,-1.52689593330818,0.7334,86,0,1
"400","C 80-6","C",0,2.04,0,"D",NA,0.0136158922431333,0.0778448029723924,-1.33368911336493,-1.52689593330818,0.7334,86,0,1
"401","C 80-6","C",0,2.04,0,"D",NA,0.0136158922431333,0.0778448029723924,-1.33368911336493,-1.52689593330818,0.7334,86,0,1
"402","C 80-6","C",0,2.04,5,"D",NA,0.0136158922431333,0.0778448029723924,-1.33368911336493,-1.52689593330818,0.7334,86,0,1
"403","C 80-6","C",0,2.04,5,"D",NA,0.0136158922431333,0.0778448029723924,-1.33368911336493,-1.52689593330818,0.7334,86,0,1
"404","C 80-6","C",0,2.04,10,"Z",NA,0.0136158922431333,0.0778448029723924,-1.33368911336493,-1.52689593330818,0.7334,86,0,0
"405","C 80-6","C",0,2.04,15,"Z",NA,0.0136158922431333,0.0778448029723924,-1.33368911336493,-1.52689593330818,0.7334,86,0,0
"406","S2 100-0","S",2,1.94,0,"Z",NA,0.0483215928250959,-0.0252252379724547,-0.235076824696819,0.0657165572617544,0.7593,100,0,0
"407","S2 100-0","S",2,1.94,5,"Z",NA,0.0483215928250959,-0.0252252379724547,-0.235076824696819,0.0657165572617544,0.7593,100,0,0
"408","S2 100-0","S",2,1.94,10,"D",NA,0.0483215928250959,-0.0252252379724547,-0.235076824696819,0.0657165572617544,0.7593,100,0,1
"409","S2 100-0","S",2,1.94,10,"D",NA,0.0483215928250959,-0.0252252379724547,-0.235076824696819,0.0657165572617544,0.7593,100,0,1
"410","S2 100-0","S",2,1.94,15,"Z",NA,0.0483215928250959,-0.0252252379724547,-0.235076824696819,0.0657165572617544,0.7593,100,0,0
"411","N5 110-3","N",5,1.74,0,"Z",NA,0.0608855586440428,-0.0655447242730573,-1.33368911336493,-0.558790964678979,0.7689,113,0,0
"412","N5 110-3","N",5,1.74,5,"Z",NA,0.0608855586440428,-0.0655447242730573,-1.33368911336493,-0.558790964678979,0.7689,113,0,0
"413","N5 110-3","N",5,1.74,10,"Z",NA,0.0608855586440428,-0.0655447242730573,-1.33368911336493,-0.558790964678979,0.7689,113,0,0
"414","N5 110-3","N",5,1.74,15,"Z",NA,0.0608855586440428,-0.0655447242730573,-1.33368911336493,-0.558790964678979,0.7689,113,0,0
"415","N10 120-0","N",10,1.57,0,"Z",NA,0.0275623643151622,0.0341261845142585,1.15121753642307,1.0625024453634,0.7437,120,0,0
"416","N10 120-0","N",10,1.57,10,"Z",NA,0.0275623643151622,0.0341261845142585,1.15121753642307,1.0625024453634,0.7437,120,0,0
"417","N10 120-0","N",10,1.57,15,"Z",NA,0.0275623643151622,0.0341261845142585,1.15121753642307,1.0625024453634,0.7437,120,0,0
"418","N10 120-0","N",10,1.57,0,"Z",NA,0.0275623643151622,0.0341261845142585,1.15121753642307,1.0625024453634,0.7437,120,0,0
"419","N10 120-0","N",10,1.57,5,"D",NA,0.0275623643151622,0.0341261845142585,1.15121753642307,1.0625024453634,0.7437,120,0,1
"420","N10 120-0","N",10,1.57,5,"D",NA,0.0275623643151622,0.0341261845142585,1.15121753642307,1.0625024453634,0.7437,120,0,1
"421","N10 120-0","N",10,1.57,5,"D",NA,0.0275623643151622,0.0341261845142585,1.15121753642307,1.0625024453634,0.7437,120,0,1
"422","N10 120-0","N",10,1.57,10,"Z",NA,0.0275623643151622,0.0341261845142585,1.15121753642307,1.0625024453634,0.7437,120,0,0
"423","N10 120-0","N",10,1.57,15,"Z",NA,0.0275623643151622,0.0341261845142585,1.15121753642307,1.0625024453634,0.7437,120,0,0
"424","N2 100-4","N",2,2.05,0,"Z",NA,NA,NA,NA,NA,NA,104,0,0
"425","N2 100-4","N",2,2.05,5,"Z",NA,NA,NA,NA,NA,NA,104,0,0
"426","N2 100-4","N",2,2.05,10,"Z",NA,NA,NA,NA,NA,NA,104,0,0
"427","N2 100-4","N",2,2.05,15,"Z",NA,NA,NA,NA,NA,NA,104,0,0
"428","N5 40-2","N",5,3.18,0,"Z",NA,0.193343413860041,-0.736844816167842,2.40398050491844,-1.41006578516501,0.8778,42,0,0
"429","N5 40-2","N",5,3.18,5,"Z",NA,0.193343413860041,-0.736844816167842,2.40398050491844,-1.41006578516501,0.8778,42,0,0
"430","N5 40-2","N",5,3.18,10,"Z",NA,0.193343413860041,-0.736844816167842,2.40398050491844,-1.41006578516501,0.8778,42,0,0
"431","N5 40-2","N",5,3.18,15,"D",NA,0.193343413860041,-0.736844816167842,2.40398050491844,-1.41006578516501,0.8778,42,0,1
"432","N5 40-2","N",5,3.18,15,"D",NA,0.193343413860041,-0.736844816167842,2.40398050491844,-1.41006578516501,0.8778,42,0,1
"433","N5 0-3","N",5,4.32,0,"Z",NA,0.0527894057761005,-0.0403135376236566,0.052605247754962,-0.835392283896209,0.7627,3,0,0
"434","N5 0-3","N",5,4.32,5,"Z",NA,0.0527894057761005,-0.0403135376236566,0.052605247754962,-0.835392283896209,0.7627,3,0,0
"435","N5 0-3","N",5,4.32,10,"Z",NA,0.0527894057761005,-0.0403135376236566,0.052605247754962,-0.835392283896209,0.7627,3,0,0
"436","N5 0-3","N",5,4.32,15,"Z",NA,0.0527894057761005,-0.0403135376236566,0.052605247754962,-0.835392283896209,0.7627,3,0,0
"437","S5 110-0","S",5,1.98,0,"Z",NA,-0.179177538528769,0.466534591794307,1.71083332435849,3.57532407996306,0.6048,110,0,0
"438","S5 110-0","S",5,1.98,5,"Z",NA,-0.179177538528769,0.466534591794307,1.71083332435849,3.57532407996306,0.6048,110,0,0
"439","S5 110-0","S",5,1.98,15,"Z",NA,-0.179177538528769,0.466534591794307,1.71083332435849,3.57532407996306,0.6048,110,0,0
"440","S5 80-0","S",5,2.41,0,"D",NA,0.045023654343576,-0.0148796046253803,-0.640541932804983,-0.705075298335113,0.7568,80,0,1
"441","S5 80-0","S",5,2.41,0,"D",NA,0.045023654343576,-0.0148796046253803,-0.640541932804983,-0.705075298335113,0.7568,80,0,1
"442","S5 80-0","S",5,2.41,15,"D",NA,0.045023654343576,-0.0148796046253803,-0.640541932804983,-0.705075298335113,0.7568,80,0,1
"443","S5 80-0","S",5,2.41,15,"D",NA,0.045023654343576,-0.0148796046253803,-0.640541932804983,-0.705075298335113,0.7568,80,0,1
"444","S5 40-6","S",5,3.08,5,"Z",NA,0.0267552617693314,0.0388191927365184,0.458070355863126,0.22674295750356,0.7431,46,0,0
"445","S5 40-6","S",5,3.08,15,"Z",NA,0.0267552617693314,0.0388191927365184,0.458070355863126,0.22674295750356,0.7431,46,0,0
"446","S5 40-6","S",5,3.08,0,"D",NA,0.0267552617693314,0.0388191927365184,0.458070355863126,0.22674295750356,0.7431,46,0,1
"447","S10 80-7","S",10,2.3,10,"Z",NA,0.0716223541091927,-0.102602339027212,-0.640541932804983,-0.93582700115789,0.7772,87,0,0
"448","C 70-7","C",0,2.16,0,"D",NA,0.194937039695319,-0.715050156340422,-1.33368911336493,-3.8511765128179,0.8792,77,0,1
"449","C 70-7","C",0,2.16,0,"D",NA,0.194937039695319,-0.715050156340422,-1.33368911336493,-3.8511765128179,0.8792,77,0,1
"450","C 70-7","C",0,2.16,0,"D",NA,0.194937039695319,-0.715050156340422,-1.33368911336493,-3.8511765128179,0.8792,77,0,1
"451","C 70-7","C",0,2.16,5,"D",NA,0.194937039695319,-0.715050156340422,-1.33368911336493,-3.8511765128179,0.8792,77,0,1
"452","C 70-7","C",0,2.16,5,"D",NA,0.194937039695319,-0.715050156340422,-1.33368911336493,-3.8511765128179,0.8792,77,0,1
"453","C 70-7","C",0,2.16,10,"D",NA,0.194937039695319,-0.715050156340422,-1.33368911336493,-3.8511765128179,0.8792,77,0,1
"454","C 70-7","C",0,2.16,15,"Z",NA,0.194937039695319,-0.715050156340422,-1.33368911336493,-3.8511765128179,0.8792,77,0,0
"455","S10 70-7","S",10,2.35,0,"D",NA,-0.245834704526625,0.565284652170798,-0.640541932804983,1.58800306435711,0.5658,77,0,1
"456","S10 70-7","S",10,2.35,0,"D",NA,-0.245834704526625,0.565284652170798,-0.640541932804983,1.58800306435711,0.5658,77,0,1
"457","S10 70-7","S",10,2.35,0,"D",NA,-0.245834704526625,0.565284652170798,-0.640541932804983,1.58800306435711,0.5658,77,0,1
"458","S10 70-7","S",10,2.35,0,"D",NA,-0.245834704526625,0.565284652170798,-0.640541932804983,1.58800306435711,0.5658,77,0,1
"459","S10 70-7","S",10,2.35,0,"D",NA,-0.245834704526625,0.565284652170798,-0.640541932804983,1.58800306435711,0.5658,77,0,1
"460","S10 70-7","S",10,2.35,0,"D",NA,-0.245834704526625,0.565284652170798,-0.640541932804983,1.58800306435711,0.5658,77,0,1
"461","S10 70-7","S",10,2.35,0,"D",NA,-0.245834704526625,0.565284652170798,-0.640541932804983,1.58800306435711,0.5658,77,0,1
"462","S10 70-7","S",10,2.35,0,"D",NA,-0.245834704526625,0.565284652170798,-0.640541932804983,1.58800306435711,0.5658,77,0,1
"463","S10 70-7","S",10,2.35,0,"D",NA,-0.245834704526625,0.565284652170798,-0.640541932804983,1.58800306435711,0.5658,77,0,1
"464","S10 70-7","S",10,2.35,5,"D",NA,-0.245834704526625,0.565284652170798,-0.640541932804983,1.58800306435711,0.5658,77,0,1
"465","S10 70-7","S",10,2.35,5,"D",NA,-0.245834704526625,0.565284652170798,-0.640541932804983,1.58800306435711,0.5658,77,0,1
"466","S10 120-7","S",10,2.14,0,"Z",NA,0.142757379707797,-0.401583966732927,0.275748799069172,-1.3392567738074,0.8345,127,0,0
"467","S10 120-7","S",10,2.14,5,"Z",NA,0.142757379707797,-0.401583966732927,0.275748799069172,-1.3392567738074,0.8345,127,0,0
"468","S10 120-7","S",10,2.14,10,"Z",NA,0.142757379707797,-0.401583966732927,0.275748799069172,-1.3392567738074,0.8345,127,0,0
"469","S10 120-7","S",10,2.14,15,"Z",NA,0.142757379707797,-0.401583966732927,0.275748799069172,-1.3392567738074,0.8345,127,0,0
"470","N5 70-5","N",5,2.4,0,"Z",NA,0.0414496218145089,-0.00301124350157267,-1.33368911336493,-0.906511174716753,0.7541,75,0,0
"471","N5 70-5","N",5,2.4,5,"Z",NA,0.0414496218145089,-0.00301124350157267,-1.33368911336493,-0.906511174716753,0.7541,75,0,0
"472","N5 70-5","N",5,2.4,10,"D",NA,0.0414496218145089,-0.00301124350157267,-1.33368911336493,-0.906511174716753,0.7541,75,0,1
"473","N5 70-5","N",5,2.4,10,"D",NA,0.0414496218145089,-0.00301124350157267,-1.33368911336493,-0.906511174716753,0.7541,75,0,1
"474","N5 70-5","N",5,2.4,10,"D",NA,0.0414496218145089,-0.00301124350157267,-1.33368911336493,-0.906511174716753,0.7541,75,0,1
"475","N5 70-5","N",5,2.4,15,"D",NA,0.0414496218145089,-0.00301124350157267,-1.33368911336493,-0.906511174716753,0.7541,75,0,1
"476","N5 70-5","N",5,2.4,15,"D",NA,0.0414496218145089,-0.00301124350157267,-1.33368911336493,-0.906511174716753,0.7541,75,0,1
"477","N5 70-5","N",5,2.4,15,"D",NA,0.0414496218145089,-0.00301124350157267,-1.33368911336493,-0.906511174716753,0.7541,75,0,1
"478","N10 40-6","N",10,2.94,0,"Z",NA,0.121441324953731,-0.298589885236687,-0.640541932804983,-1.47207115196788,0.8169,46,0,0
"479","N10 40-6","N",10,2.94,15,"Z",NA,0.121441324953731,-0.298589885236687,-0.640541932804983,-1.47207115196788,0.8169,46,0,0
"480","S5 120-6","S",5,1.53,0,"Z",NA,0.040255433388905,-0.000167447150762431,0.052605247754962,0.577497507970797,0.7532,126,0,0
"481","S5 120-6","S",5,1.53,10,"Z",NA,0.040255433388905,-0.000167447150762431,0.052605247754962,0.577497507970797,0.7532,126,0,0
"482","S5 120-6","S",5,1.53,15,"Z",NA,0.040255433388905,-0.000167447150762431,0.052605247754962,0.577497507970797,0.7532,126,0,0
"483","S10 60-5","S",10,2.63,10,"Z",NA,-0.044778466891024,0.221595841694489,0.275748799069172,1.00228662716535,0.6918,65,0,0
"484","S10 60-5","S",10,2.63,0,"D",NA,-0.044778466891024,0.221595841694489,0.275748799069172,1.00228662716535,0.6918,65,0,1
"485","S10 60-5","S",10,2.63,5,"D",NA,-0.044778466891024,0.221595841694489,0.275748799069172,1.00228662716535,0.6918,65,0,1
"486","S10 60-5","S",10,2.63,5,"D",NA,-0.044778466891024,0.221595841694489,0.275748799069172,1.00228662716535,0.6918,65,0,1
"487","S10 60-5","S",10,2.63,15,"D",NA,-0.044778466891024,0.221595841694489,0.275748799069172,1.00228662716535,0.6918,65,0,1
"488","S10 60-5","S",10,2.63,15,"D",NA,-0.044778466891024,0.221595841694489,0.275748799069172,1.00228662716535,0.6918,65,0,1
"489","S10 60-5","S",10,2.63,15,"D",NA,-0.044778466891024,0.221595841694489,0.275748799069172,1.00228662716535,0.6918,65,0,1
"490","S2 130-9","S",2,1.5,0,"D",NA,0.0413170046138636,-0.00463990835669605,0.458070355863126,0.798312586850766,0.754,139,0,1
"491","S2 130-9","S",2,1.5,0,"D",NA,0.0413170046138636,-0.00463990835669605,0.458070355863126,0.798312586850766,0.754,139,0,1
"492","S2 130-9","S",2,1.5,0,"D",NA,0.0413170046138636,-0.00463990835669605,0.458070355863126,0.798312586850766,0.754,139,0,1
"493","S2 130-9","S",2,1.5,0,"D",NA,0.0413170046138636,-0.00463990835669605,0.458070355863126,0.798312586850766,0.754,139,0,1
"494","S2 130-9","S",2,1.5,5,"D",NA,0.0413170046138636,-0.00463990835669605,0.458070355863126,0.798312586850766,0.754,139,0,1
"495","S2 130-9","S",2,1.5,5,"D",NA,0.0413170046138636,-0.00463990835669605,0.458070355863126,0.798312586850766,0.754,139,0,1
"496","S2 130-9","S",2,1.5,10,"Z",NA,0.0413170046138636,-0.00463990835669605,0.458070355863126,0.798312586850766,0.754,139,0,0
"497","S2 130-9","S",2,1.5,15,"Z",NA,0.0413170046138636,-0.00463990835669605,0.458070355863126,0.798312586850766,0.754,139,0,0
"498","N2 90-0","N",2,2.13,0,"Z",NA,0.15986603034983,-0.490912074859704,-0.640541932804983,-2.04792250831147,0.8489,90,0,0
"499","N2 90-0","N",2,2.13,5,"Z",NA,0.15986603034983,-0.490912074859704,-0.640541932804983,-2.04792250831147,0.8489,90,0,0
"500","N2 90-0","N",2,2.13,15,"Z",NA,0.15986603034983,-0.490912074859704,-0.640541932804983,-2.04792250831147,0.8489,90,0,0
"501","S5 100-1","S",5,2.17,0,"Z",NA,0.0111585531226184,0.0849489644640197,-1.33368911336493,-0.860555140467081,0.7316,101,0,0
"502","S5 100-1","S",5,2.17,5,"Z",NA,0.0111585531226184,0.0849489644640197,-1.33368911336493,-0.860555140467081,0.7316,101,0,0
"503","S5 100-1","S",5,2.17,10,"D",NA,0.0111585531226184,0.0849489644640197,-1.33368911336493,-0.860555140467081,0.7316,101,0,1
"504","S5 100-1","S",5,2.17,10,"D",NA,0.0111585531226184,0.0849489644640197,-1.33368911336493,-0.860555140467081,0.7316,101,0,1
"505","S5 100-1","S",5,2.17,15,"Z",NA,0.0111585531226184,0.0849489644640197,-1.33368911336493,-0.860555140467081,0.7316,101,0,0
"506","N2 120-4","N",2,1.66,0,"Z",NA,0.165738727519468,-0.523922818925171,-1.33368911336493,-3.41130032263218,0.8539,124,0,0
"507","N2 120-4","N",2,1.66,10,"Z",NA,0.165738727519468,-0.523922818925171,-1.33368911336493,-3.41130032263218,0.8539,124,0,0
"508","N2 120-4","N",2,1.66,5,"D",NA,0.165738727519468,-0.523922818925171,-1.33368911336493,-3.41130032263218,0.8539,124,0,1
"509","N2 120-4","N",2,1.66,15,"D",NA,0.165738727519468,-0.523922818925171,-1.33368911336493,-3.41130032263218,0.8539,124,0,1
"510","N10 70-5","N",10,2.33,0,"D",NA,0.0480581576286301,-0.0243936370929287,-0.640541932804983,-0.377724440271887,0.7591,75,0,1
"511","N10 70-5","N",10,2.33,0,"D",NA,0.0480581576286301,-0.0243936370929287,-0.640541932804983,-0.377724440271887,0.7591,75,0,1
"512","N10 70-5","N",10,2.33,0,"D",NA,0.0480581576286301,-0.0243936370929287,-0.640541932804983,-0.377724440271887,0.7591,75,0,1
"513","N10 70-5","N",10,2.33,5,"D",NA,0.0480581576286301,-0.0243936370929287,-0.640541932804983,-0.377724440271887,0.7591,75,0,1
"514","N10 70-5","N",10,2.33,5,"D",NA,0.0480581576286301,-0.0243936370929287,-0.640541932804983,-0.377724440271887,0.7591,75,0,1
"515","N10 70-5","N",10,2.33,5,"D",NA,0.0480581576286301,-0.0243936370929287,-0.640541932804983,-0.377724440271887,0.7591,75,0,1
"516","N10 70-5","N",10,2.33,10,"D",NA,0.0480581576286301,-0.0243936370929287,-0.640541932804983,-0.377724440271887,0.7591,75,0,1
"517","N10 70-5","N",10,2.33,15,"Z",NA,0.0480581576286301,-0.0243936370929287,-0.640541932804983,-0.377724440271887,0.7591,75,0,0
"518","S5 90-0","S",5,2.26,0,"D",NA,0.0458161520736022,-0.0165277302559692,-1.33368911336493,-1.13801628031234,0.7574,90,0,1
"519","S5 90-0","S",5,2.26,0,"D",NA,0.0458161520736022,-0.0165277302559692,-1.33368911336493,-1.13801628031234,0.7574,90,0,1
"520","S5 90-0","S",5,2.26,5,"D",NA,0.0458161520736022,-0.0165277302559692,-1.33368911336493,-1.13801628031234,0.7574,90,0,1
"521","S5 90-0","S",5,2.26,5,"D",NA,0.0458161520736022,-0.0165277302559692,-1.33368911336493,-1.13801628031234,0.7574,90,0,1
"522","S5 90-0","S",5,2.26,10,"D",NA,0.0458161520736022,-0.0165277302559692,-1.33368911336493,-1.13801628031234,0.7574,90,0,1
"523","S5 90-0","S",5,2.26,10,"D",NA,0.0458161520736022,-0.0165277302559692,-1.33368911336493,-1.13801628031234,0.7574,90,0,1
"524","S5 90-0","S",5,2.26,10,"D",NA,0.0458161520736022,-0.0165277302559692,-1.33368911336493,-1.13801628031234,0.7574,90,0,1
"525","S5 90-0","S",5,2.26,10,"D",NA,0.0458161520736022,-0.0165277302559692,-1.33368911336493,-1.13801628031234,0.7574,90,0,1
"526","N5 140-3","N",5,1.29,0,"Z",NA,0.108256487288973,-0.242768857614313,0.052605247754962,-0.428395598055115,0.8062,143,0,0
"527","N5 140-3","N",5,1.29,5,"Z",NA,0.108256487288973,-0.242768857614313,0.052605247754962,-0.428395598055115,0.8062,143,0,0
"528","N5 140-3","N",5,1.29,10,"Z",NA,0.108256487288973,-0.242768857614313,0.052605247754962,-0.428395598055115,0.8062,143,0,0
"529","N5 140-3","N",5,1.29,15,"Z",NA,0.108256487288973,-0.242768857614313,0.052605247754962,-0.428395598055115,0.8062,143,0,0
"530","N5 10-4","N",5,4.63,0,"Z",NA,-0.0294299621861915,0.185865941136207,0.458070355863126,0.925630416475435,0.7025,14,0,0
"531","N5 10-4","N",5,4.63,5,"Z",NA,-0.0294299621861915,0.185865941136207,0.458070355863126,0.925630416475435,0.7025,14,0,0
"532","N5 10-4","N",5,4.63,10,"Z",NA,-0.0294299621861915,0.185865941136207,0.458070355863126,0.925630416475435,0.7025,14,0,0
"533","N5 10-4","N",5,4.63,15,"Z",NA,-0.0294299621861915,0.185865941136207,0.458070355863126,0.925630416475435,0.7025,14,0,0
"534","N2 110-9","N",2,1.62,0,"Z",NA,0.102035240397571,-0.215733291075736,-0.640541932804983,-2.27917570891843,0.8012,119,0,0
"535","N2 110-9","N",2,1.62,5,"Z",NA,0.102035240397571,-0.215733291075736,-0.640541932804983,-2.27917570891843,0.8012,119,0,0
"536","N2 110-9","N",2,1.62,10,"Z",NA,0.102035240397571,-0.215733291075736,-0.640541932804983,-2.27917570891843,0.8012,119,0,0
"537","N2 110-9","N",2,1.62,15,"Z",NA,0.102035240397571,-0.215733291075736,-0.640541932804983,-2.27917570891843,0.8012,119,0,0
"538","N10 90-5","N",10,1.78,0,"D",NA,0.0603651995845582,-0.0672785781968039,1.06420615943344,-0.159998854402196,0.7685,95,0,1
"539","N10 90-5","N",10,1.78,5,"D",NA,0.0603651995845582,-0.0672785781968039,1.06420615943344,-0.159998854402196,0.7685,95,0,1
"540","N10 90-5","N",10,1.78,5,"D",NA,0.0603651995845582,-0.0672785781968039,1.06420615943344,-0.159998854402196,0.7685,95,0,1
"541","N10 90-5","N",10,1.78,5,"D",NA,0.0603651995845582,-0.0672785781968039,1.06420615943344,-0.159998854402196,0.7685,95,0,1
"542","N10 90-5","N",10,1.78,5,"D",NA,0.0603651995845582,-0.0672785781968039,1.06420615943344,-0.159998854402196,0.7685,95,0,1
"543","N10 90-5","N",10,1.78,10,"D",NA,0.0603651995845582,-0.0672785781968039,1.06420615943344,-0.159998854402196,0.7685,95,0,1
"544","N10 90-5","N",10,1.78,10,"D",NA,0.0603651995845582,-0.0672785781968039,1.06420615943344,-0.159998854402196,0.7685,95,0,1
"545","N10 90-5","N",10,1.78,15,"Z",NA,0.0603651995845582,-0.0672785781968039,1.06420615943344,-0.159998854402196,0.7685,95,0,0
"546","N10 30-1","N",10,3.54,0,"Z",NA,0.105026269546687,-0.227376044713142,-1.33368911336493,-2.10143897216904,0.8036,31,0,0
"547","N10 30-1","N",10,3.54,5,"Z",NA,0.105026269546687,-0.227376044713142,-1.33368911336493,-2.10143897216904,0.8036,31,0,0
"548","N10 30-1","N",10,3.54,10,"Z",NA,0.105026269546687,-0.227376044713142,-1.33368911336493,-2.10143897216904,0.8036,31,0,0
"549","N10 30-1","N",10,3.54,15,"Z",NA,0.105026269546687,-0.227376044713142,-1.33368911336493,-2.10143897216904,0.8036,31,0,0
"550","N5 130-2","N",5,1.42,0,"Z",NA,-0.0229032647838973,0.171960341453649,-1.33368911336493,0.204432341904567,0.7071,132,0,0
"551","N5 130-2","N",5,1.42,5,"Z",NA,-0.0229032647838973,0.171960341453649,-1.33368911336493,0.204432341904567,0.7071,132,0,0
"552","N5 130-2","N",5,1.42,10,"Z",NA,-0.0229032647838973,0.171960341453649,-1.33368911336493,0.204432341904567,0.7071,132,0,0
"553","S2 50-5","S",2,2.87,0,"Z",NA,0.117024681778637,-0.279098201549637,-0.640541932804983,-1.66221709200294,0.8133,55,0,0
"554","S2 50-5","S",2,2.87,5,"Z",NA,0.117024681778637,-0.279098201549637,-0.640541932804983,-1.66221709200294,0.8133,55,0,0
"555","S2 50-5","S",2,2.87,10,"Z",NA,0.117024681778637,-0.279098201549637,-0.640541932804983,-1.66221709200294,0.8133,55,0,0
"556","S2 50-5","S",2,2.87,15,"Z",NA,0.117024681778637,-0.279098201549637,-0.640541932804983,-1.66221709200294,0.8133,55,0,0
"557","S2 20-7","S",2,3.5,0,"Z",NA,0.0393256332289384,0.00266828495002848,-0.235076824696819,-0.72418593101555,0.7525,27,0,0
"558","S2 20-7","S",2,3.5,5,"Z",NA,0.0393256332289384,0.00266828495002848,-0.235076824696819,-0.72418593101555,0.7525,27,0,0
"559","S2 20-7","S",2,3.5,10,"Z",NA,0.0393256332289384,0.00266828495002848,-0.235076824696819,-0.72418593101555,0.7525,27,0,0
"560","S2 20-7","S",2,3.5,15,"Z",NA,0.0393256332289384,0.00266828495002848,-0.235076824696819,-0.72418593101555,0.7525,27,0,0
"561","N5 30-3","N",5,3.43,0,"Z",NA,NA,NA,NA,NA,NA,33,0,0
"562","S5 130-0","S",5,1.63,0,"Z",NA,-0.104184187463599,0.342371542152688,0.745752428314907,1.96730208656077,0.6519,130,0,0
"563","S5 130-0","S",5,1.63,5,"Z",NA,-0.104184187463599,0.342371542152688,0.745752428314907,1.96730208656077,0.6519,130,0,0
"564","N10 60-4","N",10,2.39,0,"Z",NA,NA,NA,NA,NA,NA,64,0,0
"565","N10 60-4","N",10,2.39,5,"Z",NA,NA,NA,NA,NA,NA,64,0,0
"566","N10 60-4","N",10,2.39,10,"Z",NA,NA,NA,NA,NA,NA,64,0,0
"567","N10 60-4","N",10,2.39,15,"Z",NA,NA,NA,NA,NA,NA,64,0,0
"568","S10 90-7","S",10,2.18,0,"Z",NA,0.0550158489720256,-0.0462432458073306,-0.640541932804983,-1.63753442707636,0.7644,97,0,0
"569","S10 90-7","S",10,2.18,5,"Z",NA,0.0550158489720256,-0.0462432458073306,-0.640541932804983,-1.63753442707636,0.7644,97,0,0
"570","S10 90-7","S",10,2.18,10,"Z",NA,0.0550158489720256,-0.0462432458073306,-0.640541932804983,-1.63753442707636,0.7644,97,0,0
"571","S10 90-7","S",10,2.18,15,"D",NA,0.0550158489720256,-0.0462432458073306,-0.640541932804983,-1.63753442707636,0.7644,97,0,1
"572","N5 90-3","N",5,2.14,0,"Z",NA,0.174483609225918,-0.578827529299938,0.052605247754962,-2.91947664030391,0.8614,93,0,0
"573","N5 90-3","N",5,2.14,5,"Z",NA,0.174483609225918,-0.578827529299938,0.052605247754962,-2.91947664030391,0.8614,93,0,0
"574","N5 90-3","N",5,2.14,10,"D",NA,0.174483609225918,-0.578827529299938,0.052605247754962,-2.91947664030391,0.8614,93,0,1
"575","N5 90-3","N",5,2.14,10,"D",NA,0.174483609225918,-0.578827529299938,0.052605247754962,-2.91947664030391,0.8614,93,0,1
"576","N5 90-3","N",5,2.14,15,"D",NA,0.174483609225918,-0.578827529299938,0.052605247754962,-2.91947664030391,0.8614,93,0,1
"577","N2 0-9","N",2,4.31,0,"Z",NA,NA,NA,NA,NA,NA,9,0,0
"578","N2 0-9","N",2,4.31,5,"Z",NA,NA,NA,NA,NA,NA,9,0,0
"579","N2 0-9","N",2,4.31,10,"Z",NA,NA,NA,NA,NA,NA,9,0,0
"580","N2 0-9","N",2,4.31,15,"Z",NA,NA,NA,NA,NA,NA,9,0,0
"581","N2 0-9","N",2,4.31,0,"Z",NA,NA,NA,NA,NA,NA,9,0,0
"582","N2 0-9","N",2,4.31,5,"Z",NA,NA,NA,NA,NA,NA,9,0,0
"583","N2 0-9","N",2,4.31,10,"Z",NA,NA,NA,NA,NA,NA,9,0,0
"584","N5 100-7","N",5,2.09,0,"Z",NA,NA,NA,NA,NA,NA,107,0,0
"585","N5 100-7","N",5,2.09,5,"Z",NA,NA,NA,NA,NA,NA,107,0,0
"586","N5 100-7","N",5,2.09,10,"Z",NA,NA,NA,NA,NA,NA,107,0,0
"587","N5 100-7","N",5,2.09,15,"Z",NA,NA,NA,NA,NA,NA,107,0,0
"588","N2 20-4","N",2,NA,0,"Z",NA,NA,NA,NA,NA,NA,24,0,0
"589","N2 20-4","N",2,NA,5,"Z",NA,NA,NA,NA,NA,NA,24,0,0
"590","N2 20-4","N",2,NA,10,"Z",NA,NA,NA,NA,NA,NA,24,0,0
"591","N2 20-4","N",2,NA,15,"Z",NA,NA,NA,NA,NA,NA,24,0,0
"592","S2 120-4","S",2,1.57,0,"Z",NA,NA,NA,NA,NA,NA,124,0,0
"593","S2 120-4","S",2,1.57,5,"Z",NA,NA,NA,NA,NA,NA,124,0,0
"594","S2 120-4","S",2,1.57,10,"D",NA,NA,NA,NA,NA,NA,124,0,1
"595","S2 120-4","S",2,1.57,10,"D",NA,NA,NA,NA,NA,NA,124,0,1
"596","S2 120-4","S",2,1.57,10,"D",NA,NA,NA,NA,NA,NA,124,0,1
"597","S2 120-4","S",2,1.57,10,"D",NA,NA,NA,NA,NA,NA,124,0,1
"598","S 2 140-2","S",2,1.42,0,"Z",NA,NA,NA,NA,NA,NA,142,0,0
"599","S 2 140-2","S",2,1.42,10,"Z",NA,NA,NA,NA,NA,NA,142,0,0
"600","S 2 140-2","S",2,1.42,15,"Z",NA,NA,NA,NA,NA,NA,142,0,0
"601","S5 50-4","S",5,2.95,0,"Z",NA,NA,NA,NA,NA,NA,54,0,0
"602","S5 50-4","S",5,2.95,5,"Z",NA,NA,NA,NA,NA,NA,54,0,0
"603","S5 50-4","S",5,2.95,10,"Z",NA,NA,NA,NA,NA,NA,54,0,0
"604","S5 50-4","S",5,2.95,15,"Z",NA,NA,NA,NA,NA,NA,54,0,0
"605","S10 30-0","S",10,3.81,0,"Z",NA,NA,NA,NA,NA,NA,30,0,0
"606","S10 30-0","S",10,3.81,5,"Z",NA,NA,NA,NA,NA,NA,30,0,0
"607","S10 30-0","S",10,3.81,10,"Z",NA,NA,NA,NA,NA,NA,30,0,0
"608","S10 30-0","S",10,3.81,15,"Z",NA,NA,NA,NA,NA,NA,30,0,0
"609","N2 70-0","N",2,2.62,0,"Z",NA,NA,NA,NA,NA,NA,70,0,0
"610","N2 70-0","N",2,2.62,5,"Z",NA,NA,NA,NA,NA,NA,70,0,0
"611","N2 70-0","N",2,2.62,10,"Z",NA,NA,NA,NA,NA,NA,70,0,0
"612","N2 70-0","N",2,2.62,15,"Z",NA,NA,NA,NA,NA,NA,70,0,0
"613","N 2 140-7","N",2,1.48,0,"Z",NA,NA,NA,NA,NA,NA,147,0,0
"614","N 2 140-7","N",2,1.48,5,"Z",NA,NA,NA,NA,NA,NA,147,0,0
"615","N 2 140-7","N",2,1.48,10,"Z",NA,NA,NA,NA,NA,NA,147,0,0
"616","N 2 140-7","N",2,1.48,15,"Z",NA,NA,NA,NA,NA,NA,147,0,0
"617","N10 100-7","N",10,1.79,0,"Z",NA,NA,NA,NA,NA,NA,107,0,0
"618","N10 100-7","N",10,1.79,15,"Z",NA,NA,NA,NA,NA,NA,107,0,0
